item_no,category,main_promotion,color,stars,predicted_success_indicator_nn
405901,Sweatshirt,Catalog,Blue,3.1,25
644275,Polo-Shirt,Frontpage_Header,Yellow,2.6,20
533070,Tunic,Catalog,Green,2.7,21
829436,Polo-Shirt,Catalog,Yellow,2.6,20
801722,Tunic,Catalog,Yellow,4.9,43
866263,T-Shirt,Category_Highlight,Black,2.6,20
502221,Sweatshirt,Catalog,Red,1.6,10
545865,Tunic,Category_Highlight,Green,3.5,29
440112,Sweatshirt,Display_Ad_Campaign,Blue,3.7,31
930925,Tunic,Catalog,Green,2.0,14
687109,T-Shirt,Frontpage_Header,Multi-Color,4.4,38
149509,Sweatshirt,Category_Highlight,Red,1.3,7
729560,Tunic,Frontpage_Header,Multi-Color,2.2,16
102917,Tunic,Catalog,Black,3.3,27
912916,Tunic,Category_Highlight,Blue,4.6,40
193580,Sweatshirt,Catalog,Multi-Color,2.6,20
883117,Blouse,Display_Ad_Campaign,Black,4.1,35
474601,Polo-Shirt,Catalog,Pink,3.2,26
573513,Hoodie,Category_Highlight,Brown,4.5,39
119095,Tunic,Catalog,Yellow,2.7,21
814763,Blouse,Category_Highlight,Blue,5.3,47
425794,Polo-Shirt,Category_Highlight,Yellow,3.7,31
814748,Sweatshirt,Catalog,Red,2.4,18
385031,Hoodie,Frontpage_Header,Green,3.2,26
570778,Blouse,Category_Highlight,Pink,4.4,38
459694,Hoodie,Catalog,Orange,3.0,24
408438,Tunic,Frontpage_Header,Multi-Color,2.9,23
169876,Sweatshirt,Category_Highlight,Multi-Color,2.1,15
317922,Hoodie,Frontpage_Header,Blue,2.8,22
969897,T-Shirt,Catalog,Red,4.7,41
245976,Tunic,Category_Highlight,Brown,3.3,27
664681,Tunic,Catalog,Brown,4.5,39
727115,Blouse,Display_Ad_Campaign,Red,4.5,39
467098,T-Shirt,Category_Highlight,Yellow,4.0,34
290251,Hoodie,Frontpage_Header,Green,3.2,26
497026,Sweatshirt,Frontpage_Header,Yellow,3.6,30
367239,Tunic,Frontpage_Header,Blue,4.1,35
784472,T-Shirt,Frontpage_Header,Multi-Color,4.2,36
785030,Polo-Shirt,Catalog,Multi-Color,2.4,18
856803,T-Shirt,Frontpage_Header,Multi-Color,4.8,42
943414,Tunic,Category_Highlight,Red,2.8,22
962853,Polo-Shirt,Category_Highlight,Brown,2.5,19
279600,Sweatshirt,Frontpage_Header,Pink,3.5,29
701652,Sweatshirt,Catalog,Red,1.9,13
762305,T-Shirt,Frontpage_Header,Multi-Color,3.5,29
318829,Blouse,Catalog,Yellow,3.7,31
630666,Hoodie,Category_Highlight,White,4.2,36
930408,Hoodie,Display_Ad_Campaign,Yellow,4.8,42
886054,Blouse,Catalog,Yellow,4.1,35
276832,Tunic,Display_Ad_Campaign,Multi-Color,3.6,30
164285,Tunic,Category_Highlight,White,4.2,36
110037,Sweatshirt,Frontpage_Header,Blue,2.9,23
966885,Sweatshirt,Catalog,Black,4.8,42
857942,Sweatshirt,Frontpage_Header,Blue,3.0,24
222395,Sweatshirt,Category_Highlight,Blue,3.5,29
295369,Sweatshirt,Frontpage_Header,Blue,3.3,27
772457,T-Shirt,Category_Highlight,Multi-Color,3.6,30
791784,Blouse,Display_Ad_Campaign,Blue,4.4,38
722335,T-Shirt,Display_Ad_Campaign,Black,3.9,33
970934,Polo-Shirt,Catalog,Pink,3.5,29
754079,Polo-Shirt,Category_Highlight,Brown,3.3,27
576061,Blouse,Frontpage_Header,Multi-Color,1.8,12
759169,T-Shirt,Display_Ad_Campaign,Black,4.0,34
935148,Blouse,Catalog,Yellow,3.7,31
540046,T-Shirt,Catalog,Red,4.4,38
490523,Tunic,Category_Highlight,Brown,4.6,40
647756,Sweatshirt,Display_Ad_Campaign,Orange,5.0,44
644978,T-Shirt,Frontpage_Header,Blue,3.5,29
970215,T-Shirt,Frontpage_Header,Multi-Color,4.2,36
529497,Polo-Shirt,Frontpage_Header,Brown,2.2,16
897093,Polo-Shirt,Frontpage_Header,Multi-Color,2.9,23
841927,Blouse,Category_Highlight,Red,0.7,1
386222,Tunic,Frontpage_Header,Brown,4.4,38
434846,Hoodie,Display_Ad_Campaign,Yellow,2.5,19
918659,Hoodie,Category_Highlight,Blue,2.2,16
349597,T-Shirt,Frontpage_Header,Yellow,4.2,36
941814,Polo-Shirt,Frontpage_Header,Yellow,2.0,14
319451,T-Shirt,Display_Ad_Campaign,Black,4.2,36
407948,Polo-Shirt,Display_Ad_Campaign,Yellow,5.4,48
220115,Polo-Shirt,Frontpage_Header,Brown,3.0,24
109455,Polo-Shirt,Category_Highlight,Green,4.1,35
647606,Polo-Shirt,Category_Highlight,Orange,2.1,15
492484,T-Shirt,Frontpage_Header,Multi-Color,4.0,34
395013,Polo-Shirt,Catalog,Brown,3.6,30
189617,Polo-Shirt,Category_Highlight,Orange,2.0,14
398015,Tunic,Frontpage_Header,White,3.5,29
721079,Polo-Shirt,Catalog,Multi-Color,2.1,15
131543,Sweatshirt,Category_Highlight,Green,2.8,22
115744,T-Shirt,Category_Highlight,Multi-Color,3.8,32
775333,Polo-Shirt,Catalog,Yellow,3.5,29
739890,Polo-Shirt,Frontpage_Header,Yellow,2.4,18
587038,Tunic,Frontpage_Header,Yellow,3.1,25
836052,T-Shirt,Catalog,Red,4.0,34
123257,Sweatshirt,Display_Ad_Campaign,Blue,2.7,21
974196,Polo-Shirt,Catalog,Pink,2.3,17
734388,T-Shirt,Category_Highlight,Pink,4.0,34
778757,Tunic,Category_Highlight,Yellow,2.5,19
784118,Blouse,Display_Ad_Campaign,Yellow,3.9,33
898734,Blouse,Frontpage_Header,Black,4.5,39
688117,Polo-Shirt,Catalog,Pink,4.1,35
511823,Tunic,Catalog,Yellow,2.6,20
983473,Polo-Shirt,Catalog,Pink,3.6,30
154105,Tunic,Category_Highlight,Multi-Color,2.8,22
115041,T-Shirt,Category_Highlight,Green,4.7,41
968393,Polo-Shirt,Display_Ad_Campaign,Multi-Color,4.5,39
242057,Sweatshirt,Frontpage_Header,Yellow,3.5,29
162271,T-Shirt,Category_Highlight,Green,5.2,46
458062,Tunic,Category_Highlight,Multi-Color,3.1,25
438761,Blouse,Catalog,Black,4.8,42
668110,Polo-Shirt,Catalog,Red,3.0,24
172785,Blouse,Frontpage_Header,Yellow,3.0,24
453639,Tunic,Display_Ad_Campaign,Black,2.6,20
713499,Tunic,Catalog,Black,4.8,42
261999,Sweatshirt,Category_Highlight,Blue,2.4,18
464035,Polo-Shirt,Category_Highlight,Yellow,2.4,18
327456,T-Shirt,Display_Ad_Campaign,Black,3.8,32
983694,Polo-Shirt,Display_Ad_Campaign,Blue,2.7,21
376951,Blouse,Category_Highlight,Yellow,4.1,35
330640,T-Shirt,Frontpage_Header,Multi-Color,4.1,35
180829,Hoodie,Frontpage_Header,Blue,2.6,20
299479,Polo-Shirt,Catalog,Green,3.1,25
230030,Hoodie,Catalog,Yellow,3.1,25
482137,Polo-Shirt,Catalog,Multi-Color,3.0,24
976803,T-Shirt,Display_Ad_Campaign,Blue,5.0,44
876914,T-Shirt,Category_Highlight,Yellow,3.7,31
981992,Hoodie,Catalog,Yellow,3.8,32
265942,Tunic,Display_Ad_Campaign,Black,2.8,22
851175,Polo-Shirt,Category_Highlight,Red,3.1,25
279945,Sweatshirt,Category_Highlight,Red,2.3,17
191627,Sweatshirt,Frontpage_Header,Red,3.8,32
901431,Polo-Shirt,Category_Highlight,Brown,2.9,23
398751,Blouse,Frontpage_Header,Blue,3.8,32
664706,Blouse,Frontpage_Header,Black,5.2,46
143798,Tunic,Category_Highlight,Red,3.0,24
815447,T-Shirt,Frontpage_Header,Multi-Color,4.0,34
539136,Polo-Shirt,Catalog,Blue,1.9,13
652191,Tunic,Frontpage_Header,Multi-Color,3.9,33
774593,T-Shirt,Frontpage_Header,Multi-Color,4.5,39
569599,Sweatshirt,Display_Ad_Campaign,Orange,4.1,35
437550,Tunic,Display_Ad_Campaign,Multi-Color,4.4,38
313273,Hoodie,Display_Ad_Campaign,Yellow,4.1,35
441230,Polo-Shirt,Category_Highlight,Multi-Color,2.6,20
814153,Tunic,Category_Highlight,Orange,3.2,26
195429,Hoodie,Catalog,Green,4.0,34
400415,Polo-Shirt,Frontpage_Header,White,2.7,21
851810,Polo-Shirt,Frontpage_Header,Yellow,3.0,24
614622,Sweatshirt,Display_Ad_Campaign,Blue,4.0,34
660180,Sweatshirt,Category_Highlight,Orange,3.9,33
814665,Tunic,Category_Highlight,Yellow,2.4,18
179851,Tunic,Display_Ad_Campaign,Multi-Color,3.8,32
441106,Blouse,Frontpage_Header,Black,4.7,41
633865,Polo-Shirt,Frontpage_Header,Brown,2.5,19
882647,Hoodie,Catalog,Green,3.9,33
167009,T-Shirt,Display_Ad_Campaign,Blue,4.2,36
683324,Tunic,Frontpage_Header,Green,3.7,31
981552,Blouse,Frontpage_Header,Multi-Color,2.6,20
604324,T-Shirt,Catalog,Black,4.3,37
597788,Blouse,Display_Ad_Campaign,Brown,4.7,41
650402,Polo-Shirt,Catalog,Blue,3.3,27
473554,Tunic,Catalog,Green,4.0,34
118414,Hoodie,Frontpage_Header,Yellow,3.5,29
849960,Polo-Shirt,Display_Ad_Campaign,Yellow,4.8,42
826829,Sweatshirt,Frontpage_Header,Green,2.9,23
305559,Sweatshirt,Category_Highlight,Yellow,3.6,30
893558,Sweatshirt,Frontpage_Header,Green,3.1,25
639962,Polo-Shirt,Category_Highlight,Red,3.7,31
375994,Blouse,Frontpage_Header,Red,4.7,41
266819,Hoodie,Category_Highlight,Yellow,2.0,14
798530,Polo-Shirt,Frontpage_Header,Multi-Color,3.1,25
408189,Blouse,Catalog,Yellow,4.1,35
426496,Polo-Shirt,Category_Highlight,Blue,3.5,29
325399,Polo-Shirt,Catalog,Yellow,3.2,26
799758,Sweatshirt,Catalog,Red,4.6,40
195405,Polo-Shirt,Display_Ad_Campaign,Yellow,5.0,44
901885,Sweatshirt,Catalog,Orange,4.9,43
536061,Sweatshirt,Frontpage_Header,Blue,3.2,26
919681,Polo-Shirt,Catalog,Green,3.9,33
274563,Tunic,Catalog,Yellow,4.8,42
343995,T-Shirt,Catalog,Orange,4.7,41
142694,T-Shirt,Catalog,Red,4.0,34
642383,Tunic,Category_Highlight,Brown,4.4,38
213282,Sweatshirt,Catalog,Red,2.0,14
554935,T-Shirt,Display_Ad_Campaign,Brown,4.5,39
919701,T-Shirt,Display_Ad_Campaign,Black,3.7,31
508378,T-Shirt,Category_Highlight,Multi-Color,1.7,11
102691,Blouse,Frontpage_Header,Multi-Color,3.6,30
375405,T-Shirt,Catalog,Brown,4.8,42
784987,Tunic,Catalog,Green,3.9,33
937565,T-Shirt,Catalog,Yellow,4.9,43
285335,Blouse,Display_Ad_Campaign,Black,3.6,30
703782,Polo-Shirt,Category_Highlight,Yellow,3.8,32
774363,Blouse,Frontpage_Header,Red,2.7,21
515870,Tunic,Category_Highlight,Yellow,1.9,13
695396,Blouse,Frontpage_Header,Blue,4.3,37
373432,Sweatshirt,Category_Highlight,Blue,3.7,31
416048,Tunic,Category_Highlight,Pink,2.5,19
750736,T-Shirt,Catalog,Yellow,4.3,37
967693,Polo-Shirt,Display_Ad_Campaign,Yellow,4.6,40
193310,Tunic,Display_Ad_Campaign,Black,2.2,16
544350,Sweatshirt,Display_Ad_Campaign,Blue,3.0,24
974955,Polo-Shirt,Category_Highlight,Pink,2.5,19
621635,Blouse,Frontpage_Header,Red,4.8,42
214825,Sweatshirt,Catalog,Red,2.8,22
853487,T-Shirt,Frontpage_Header,Blue,3.3,27
386571,T-Shirt,Catalog,Red,3.7,31
699941,Tunic,Display_Ad_Campaign,Multi-Color,4.4,38
580090,Polo-Shirt,Category_Highlight,Blue,3.9,33
923675,Tunic,Display_Ad_Campaign,Yellow,5.4,48
465875,Blouse,Category_Highlight,Yellow,3.9,33
123040,Polo-Shirt,Catalog,Yellow,3.1,25
214570,T-Shirt,Frontpage_Header,Multi-Color,4.8,42
916090,T-Shirt,Category_Highlight,Blue,2.6,20
839608,Polo-Shirt,Catalog,Pink,3.8,32
221853,Blouse,Catalog,Multi-Color,1.7,11
414945,Blouse,Display_Ad_Campaign,Brown,4.7,41
467491,Tunic,Category_Highlight,Blue,4.8,42
678849,Sweatshirt,Frontpage_Header,Pink,3.8,32
323151,T-Shirt,Category_Highlight,Red,3.5,29
155323,Sweatshirt,Category_Highlight,Red,1.7,11
695280,Polo-Shirt,Catalog,Blue,1.5,9
901454,Polo-Shirt,Display_Ad_Campaign,Yellow,4.6,40
513128,Blouse,Frontpage_Header,Black,5.0,44
403056,Sweatshirt,Category_Highlight,Red,1.5,9
595615,T-Shirt,Frontpage_Header,Multi-Color,5.5,49
166042,Blouse,Frontpage_Header,White,3.5,29
177742,Blouse,Frontpage_Header,Blue,3.8,32
232771,T-Shirt,Catalog,Red,4.7,41
590649,Hoodie,Category_Highlight,Brown,3.5,29
138171,Tunic,Category_Highlight,Green,3.6,30
564788,Tunic,Frontpage_Header,Blue,3.6,30
178377,Hoodie,Catalog,Orange,2.5,19
482611,Hoodie,Catalog,Orange,3.1,25
949567,Blouse,Display_Ad_Campaign,Brown,5.6,50
871989,Tunic,Category_Highlight,Green,3.0,24
846015,Sweatshirt,Catalog,Blue,4.9,43
555573,Sweatshirt,Display_Ad_Campaign,Orange,4.9,43
547597,Sweatshirt,Catalog,Multi-Color,3.3,27
192266,Polo-Shirt,Frontpage_Header,Brown,3.4,28
432182,Tunic,Category_Highlight,Multi-Color,3.7,31
609178,Sweatshirt,Display_Ad_Campaign,Blue,3.0,24
779428,Blouse,Display_Ad_Campaign,Black,4.6,40
714817,Blouse,Catalog,Yellow,4.3,37
339080,Polo-Shirt,Frontpage_Header,Yellow,3.0,24
745622,Tunic,Category_Highlight,Green,3.4,28
874240,Tunic,Category_Highlight,White,4.3,37
523028,Polo-Shirt,Category_Highlight,Blue,4.4,38
956343,Blouse,Category_Highlight,Yellow,4.2,36
226086,Tunic,Frontpage_Header,Multi-Color,2.9,23
213363,T-Shirt,Category_Highlight,Yellow,4.1,35
534174,Tunic,Catalog,Blue,2.1,15
842296,Tunic,Display_Ad_Campaign,Black,2.6,20
140697,Polo-Shirt,Catalog,White,2.2,16
319805,Hoodie,Catalog,Black,5.1,45
114353,T-Shirt,Display_Ad_Campaign,Blue,4.8,42
564634,T-Shirt,Frontpage_Header,Multi-Color,4.7,41
848734,Blouse,Frontpage_Header,Orange,4.9,43
557900,Tunic,Category_Highlight,Red,3.4,28
576356,Sweatshirt,Frontpage_Header,Blue,1.8,12
912807,Tunic,Display_Ad_Campaign,Black,2.9,23
702962,Blouse,Catalog,Black,5.0,44
824892,Sweatshirt,Frontpage_Header,Blue,3.9,33
970217,Polo-Shirt,Display_Ad_Campaign,Yellow,5.1,45
262468,Hoodie,Catalog,Blue,5.2,46
340177,Sweatshirt,Catalog,Orange,3.5,29
892943,Polo-Shirt,Frontpage_Header,Green,3.0,24
764873,Sweatshirt,Display_Ad_Campaign,Orange,4.1,35
553468,T-Shirt,Catalog,Red,2.1,15
879508,Tunic,Frontpage_Header,Multi-Color,3.1,25
556487,T-Shirt,Catalog,Multi-Color,1.6,10
665717,Blouse,Category_Highlight,Multi-Color,2.8,22
803368,T-Shirt,Frontpage_Header,Yellow,4.5,39
744932,T-Shirt,Category_Highlight,Brown,4.4,38
246630,T-Shirt,Category_Highlight,Yellow,4.1,35
173865,Blouse,Frontpage_Header,Blue,4.1,35
859807,Blouse,Category_Highlight,Red,0.9,3
165635,Tunic,Catalog,Blue,4.4,38
564009,Tunic,Display_Ad_Campaign,Black,1.9,13
659395,Tunic,Category_Highlight,Blue,4.9,43
458963,Blouse,Display_Ad_Campaign,Blue,5.1,45
903151,Blouse,Display_Ad_Campaign,Blue,4.8,42
511153,Blouse,Frontpage_Header,Multi-Color,2.6,20
815515,Blouse,Frontpage_Header,Multi-Color,2.2,16
301906,Sweatshirt,Catalog,Red,2.3,17
437041,Sweatshirt,Catalog,Yellow,4.0,34
612276,Polo-Shirt,Catalog,Blue,2.2,16
120599,Hoodie,Category_Highlight,White,3.9,33
979244,Blouse,Category_Highlight,Blue,2.7,21
683284,Polo-Shirt,Category_Highlight,Black,3.7,31
162925,Polo-Shirt,Display_Ad_Campaign,Multi-Color,2.6,20
250925,Tunic,Frontpage_Header,Blue,3.4,28
581716,Blouse,Frontpage_Header,Black,4.4,38
182762,Sweatshirt,Display_Ad_Campaign,Orange,4.2,36
106860,Tunic,Category_Highlight,Multi-Color,3.4,28
504307,Tunic,Catalog,Yellow,4.6,40
174276,Sweatshirt,Catalog,Yellow,3.8,32
652798,T-Shirt,Display_Ad_Campaign,Black,4.1,35
746260,Tunic,Display_Ad_Campaign,Multi-Color,4.2,36
667972,Tunic,Frontpage_Header,Blue,3.7,31
402925,T-Shirt,Frontpage_Header,Red,4.1,35
829592,Sweatshirt,Catalog,Orange,3.7,31
893142,T-Shirt,Catalog,Red,4.6,40
430635,T-Shirt,Category_Highlight,Green,5.0,44
668519,Polo-Shirt,Category_Highlight,Brown,3.2,26
696860,T-Shirt,Category_Highlight,Red,4.8,42
640199,Polo-Shirt,Category_Highlight,Orange,2.1,15
196555,Tunic,Display_Ad_Campaign,Yellow,4.7,41
370095,Tunic,Catalog,Multi-Color,3.1,25
581581,T-Shirt,Catalog,Multi-Color,1.7,11
435567,Blouse,Catalog,Pink,4.6,40
490965,Sweatshirt,Category_Highlight,Brown,4.3,37
929397,Tunic,Category_Highlight,Green,2.6,20
575152,T-Shirt,Category_Highlight,Multi-Color,3.5,29
367455,Tunic,Frontpage_Header,Black,4.0,34
936795,Sweatshirt,Category_Highlight,Blue,4.1,35
703626,Polo-Shirt,Category_Highlight,Black,3.7,31
930875,Sweatshirt,Display_Ad_Campaign,Pink,4.3,37
329404,Polo-Shirt,Frontpage_Header,Green,2.4,18
441535,Tunic,Display_Ad_Campaign,Multi-Color,4.1,35
188593,Blouse,Category_Highlight,Multi-Color,2.7,21
637831,Polo-Shirt,Category_Highlight,White,3.3,27
765331,Blouse,Category_Highlight,Orange,2.9,23
517846,T-Shirt,Category_Highlight,Brown,5.0,44
483344,Sweatshirt,Frontpage_Header,Green,3.2,26
555404,Sweatshirt,Frontpage_Header,Multi-Color,1.9,13
971471,Polo-Shirt,Category_Highlight,Yellow,3.8,32
136838,Blouse,Frontpage_Header,Black,5.3,47
261962,Sweatshirt,Category_Highlight,Red,1.5,9
568747,Sweatshirt,Catalog,Red,4.5,39
655360,Tunic,Category_Highlight,Red,2.9,23
250089,T-Shirt,Catalog,Black,3.8,32
827812,Sweatshirt,Frontpage_Header,Red,3.2,26
204707,Sweatshirt,Catalog,Multi-Color,2.1,15
669651,Sweatshirt,Display_Ad_Campaign,Blue,3.1,25
401751,Polo-Shirt,Frontpage_Header,Brown,2.2,16
133081,Hoodie,Frontpage_Header,Yellow,2.3,17
292688,Sweatshirt,Display_Ad_Campaign,Blue,5.5,49
280356,T-Shirt,Catalog,Yellow,4.3,37
485005,Tunic,Category_Highlight,Brown,4.4,38
222799,Tunic,Category_Highlight,Multi-Color,3.4,28
311892,T-Shirt,Frontpage_Header,Multi-Color,4.5,39
307455,Tunic,Frontpage_Header,Multi-Color,4.4,38
695122,Blouse,Frontpage_Header,Red,4.4,38
744063,Tunic,Catalog,Brown,3.2,26
148941,T-Shirt,Category_Highlight,Red,3.5,29
468830,T-Shirt,Category_Highlight,Yellow,4.9,43
167556,Hoodie,Display_Ad_Campaign,Blue,2.7,21
383089,T-Shirt,Category_Highlight,Blue,2.9,23
820643,Blouse,Frontpage_Header,Red,5.1,45
191749,Polo-Shirt,Category_Highlight,Blue,1.3,7
880029,Hoodie,Catalog,Yellow,2.7,21
355961,Hoodie,Catalog,Green,4.1,35
578086,Sweatshirt,Catalog,Orange,4.6,40
168519,Hoodie,Category_Highlight,Blue,3.5,29
853189,Blouse,Frontpage_Header,Black,3.6,30
329863,T-Shirt,Category_Highlight,Orange,5.2,46
698969,Hoodie,Category_Highlight,Brown,3.6,30
511146,Polo-Shirt,Frontpage_Header,Yellow,2.7,21
357447,T-Shirt,Display_Ad_Campaign,Multi-Color,4.1,35
405831,Blouse,Frontpage_Header,Blue,4.2,36
534457,Sweatshirt,Catalog,Red,3.6,30
886475,Tunic,Category_Highlight,Red,2.7,21
556509,Sweatshirt,Category_Highlight,Black,4.7,41
909463,Tunic,Frontpage_Header,Multi-Color,3.0,24
626936,Polo-Shirt,Display_Ad_Campaign,Yellow,4.8,42
264213,T-Shirt,Catalog,Pink,3.4,28
314141,Polo-Shirt,Frontpage_Header,Green,2.4,18
289635,Sweatshirt,Display_Ad_Campaign,Orange,4.3,37
594452,Hoodie,Category_Highlight,Brown,3.5,29
712132,Tunic,Display_Ad_Campaign,Black,2.3,17
383060,Hoodie,Catalog,Multi-Color,3.5,29
924897,Blouse,Category_Highlight,Yellow,3.5,29
306979,Polo-Shirt,Frontpage_Header,Brown,2.1,15
182443,T-Shirt,Category_Highlight,Green,5.6,50
404543,Sweatshirt,Frontpage_Header,Blue,3.6,30
709956,Polo-Shirt,Catalog,Yellow,3.7,31
272596,Hoodie,Frontpage_Header,Blue,4.3,37
134326,Blouse,Catalog,Yellow,3.5,29
156003,Blouse,Category_Highlight,Yellow,4.5,39
799209,T-Shirt,Catalog,Red,4.2,36
297601,Polo-Shirt,Category_Highlight,Multi-Color,2.8,22
564668,Polo-Shirt,Catalog,Orange,2.0,14
259352,T-Shirt,Catalog,Orange,4.0,34
615654,Blouse,Display_Ad_Campaign,Black,3.3,27
494406,Sweatshirt,Frontpage_Header,Blue,3.0,24
879239,Tunic,Category_Highlight,Yellow,2.5,19
838970,Tunic,Category_Highlight,Green,3.1,25
150140,Tunic,Category_Highlight,Multi-Color,3.4,28
579463,Polo-Shirt,Category_Highlight,Pink,1.7,11
818986,Polo-Shirt,Display_Ad_Campaign,Multi-Color,2.8,22
262684,Sweatshirt,Category_Highlight,Multi-Color,1.5,9
446490,Sweatshirt,Display_Ad_Campaign,Pink,5.0,44
163740,Blouse,Category_Highlight,Multi-Color,2.4,18
174307,Tunic,Display_Ad_Campaign,Multi-Color,3.7,31
914783,T-Shirt,Category_Highlight,Multi-Color,3.8,32
490100,Polo-Shirt,Frontpage_Header,Brown,3.2,26
897361,Sweatshirt,Catalog,Blue,4.7,41
685873,T-Shirt,Category_Highlight,Yellow,3.6,30
196181,T-Shirt,Display_Ad_Campaign,Red,4.2,36
589185,Polo-Shirt,Category_Highlight,Yellow,3.8,32
899075,Sweatshirt,Catalog,Red,1.5,9
321361,T-Shirt,Frontpage_Header,Yellow,3.7,31
559231,Hoodie,Category_Highlight,Blue,4.7,41
732944,Tunic,Category_Highlight,Yellow,3.2,26
318035,Blouse,Frontpage_Header,Multi-Color,2.5,19
438944,Tunic,Category_Highlight,Brown,4.5,39
772303,Tunic,Frontpage_Header,Multi-Color,2.9,23
258211,T-Shirt,Category_Highlight,Multi-Color,2.7,21
458252,Polo-Shirt,Frontpage_Header,Brown,2.4,18
848585,Blouse,Display_Ad_Campaign,Brown,5.0,44
315144,Tunic,Category_Highlight,Yellow,4.2,36
106872,T-Shirt,Catalog,Black,3.8,32
844320,Tunic,Display_Ad_Campaign,Black,2.3,17
472863,Tunic,Catalog,Green,3.4,28
662967,Tunic,Catalog,Green,2.1,15
517788,Sweatshirt,Frontpage_Header,Pink,3.5,29
377057,Blouse,Frontpage_Header,Multi-Color,2.2,16
484311,Sweatshirt,Frontpage_Header,Blue,3.2,26
253753,T-Shirt,Frontpage_Header,Green,4.9,43
247125,T-Shirt,Category_Highlight,Blue,3.1,25
695744,Polo-Shirt,Catalog,Red,3.0,24
912784,Polo-Shirt,Frontpage_Header,Green,3.7,31
660248,Sweatshirt,Catalog,Red,2.0,14
520087,Polo-Shirt,Catalog,Green,3.7,31
248395,Tunic,Category_Highlight,Brown,4.1,35
912533,Polo-Shirt,Frontpage_Header,Brown,2.9,23
639704,Hoodie,Category_Highlight,Yellow,3.5,29
218136,Polo-Shirt,Catalog,Yellow,4.3,37
314259,Hoodie,Catalog,Orange,2.8,22
429451,Blouse,Frontpage_Header,Red,2.0,14
233317,Blouse,Catalog,Yellow,3.4,28
743703,T-Shirt,Catalog,Black,3.4,28
481926,Polo-Shirt,Category_Highlight,Brown,4.4,38
404376,Polo-Shirt,Category_Highlight,Orange,2.9,23
226342,Polo-Shirt,Display_Ad_Campaign,Blue,1.7,11
463547,T-Shirt,Category_Highlight,Multi-Color,1.1,5
240490,Blouse,Frontpage_Header,Pink,3.4,28
621890,Polo-Shirt,Catalog,Multi-Color,3.2,26
169742,T-Shirt,Category_Highlight,White,3.3,27
679229,Tunic,Category_Highlight,Multi-Color,3.8,32
688101,Polo-Shirt,Catalog,Multi-Color,2.8,22
638169,Hoodie,Category_Highlight,Multi-Color,2.5,19
832660,T-Shirt,Frontpage_Header,Multi-Color,5.1,45
435886,T-Shirt,Display_Ad_Campaign,Black,3.1,25
781409,Sweatshirt,Catalog,Yellow,2.7,21
568939,Polo-Shirt,Catalog,Yellow,3.3,27
594461,T-Shirt,Category_Highlight,Green,5.2,46
874853,Hoodie,Catalog,Green,3.3,27
254134,Hoodie,Frontpage_Header,Green,3.3,27
251560,T-Shirt,Catalog,Brown,5.5,49
707719,Hoodie,Frontpage_Header,Pink,3.8,32
251462,Sweatshirt,Catalog,Orange,4.9,43
435838,Sweatshirt,Catalog,Orange,3.2,26
974789,Tunic,Category_Highlight,Red,3.1,25
520651,Tunic,Catalog,Yellow,2.2,16
586551,Sweatshirt,Catalog,Red,2.4,18
135880,Polo-Shirt,Category_Highlight,Multi-Color,3.1,25
187966,Blouse,Frontpage_Header,Black,4.7,41
970019,Blouse,Frontpage_Header,Multi-Color,2.2,16
551561,Sweatshirt,Category_Highlight,Red,1.6,10
399201,T-Shirt,Category_Highlight,Green,4.4,38
441037,T-Shirt,Display_Ad_Campaign,Multi-Color,1.4,8
143998,Polo-Shirt,Catalog,Blue,2.2,16
557305,Sweatshirt,Catalog,Red,2.1,15
274285,Polo-Shirt,Frontpage_Header,Yellow,2.1,15
803852,Blouse,Frontpage_Header,Multi-Color,3.0,24
348525,Hoodie,Display_Ad_Campaign,Yellow,4.9,43
308669,Blouse,Category_Highlight,Black,4.7,41
869277,Tunic,Category_Highlight,Multi-Color,3.8,32
199341,Tunic,Display_Ad_Campaign,Blue,2.6,20
651051,T-Shirt,Frontpage_Header,Multi-Color,2.6,20
753002,Tunic,Frontpage_Header,Red,2.6,20
267404,Blouse,Category_Highlight,Blue,3.0,24
379861,Blouse,Category_Highlight,Blue,2.8,22
325567,T-Shirt,Category_Highlight,Yellow,3.2,26
796713,Tunic,Display_Ad_Campaign,Black,3.0,24
339116,Polo-Shirt,Category_Highlight,Blue,3.3,27
133865,T-Shirt,Category_Highlight,Green,5.6,50
680989,T-Shirt,Catalog,Red,4.1,35
299120,Polo-Shirt,Catalog,Multi-Color,3.3,27
487233,Sweatshirt,Catalog,Orange,4.2,36
468763,Blouse,Frontpage_Header,Multi-Color,2.4,18
277300,Tunic,Display_Ad_Campaign,Blue,3.7,31
972753,Polo-Shirt,Category_Highlight,Multi-Color,2.4,18
510628,Blouse,Display_Ad_Campaign,Blue,4.8,42
416734,Sweatshirt,Catalog,Red,2.7,21
174955,Tunic,Category_Highlight,Yellow,2.4,18
364746,T-Shirt,Category_Highlight,Multi-Color,4.2,36
615250,Sweatshirt,Frontpage_Header,Green,3.4,28
124202,Sweatshirt,Frontpage_Header,Green,3.2,26
739660,Polo-Shirt,Category_Highlight,Brown,2.5,19
308940,Hoodie,Catalog,Orange,3.3,27
868652,Sweatshirt,Category_Highlight,Red,1.1,5
966958,Hoodie,Catalog,Yellow,3.1,25
202347,Blouse,Display_Ad_Campaign,White,4.7,41
760953,Sweatshirt,Category_Highlight,Orange,1.5,9
269233,Sweatshirt,Catalog,Orange,4.0,34
349894,Blouse,Frontpage_Header,Multi-Color,2.9,23
776527,Hoodie,Category_Highlight,Red,3.3,27
906765,Blouse,Frontpage_Header,Multi-Color,2.2,16
229393,Blouse,Catalog,Yellow,4.9,43
332757,T-Shirt,Catalog,Red,4.6,40
218544,Sweatshirt,Frontpage_Header,Pink,3.7,31
923050,Hoodie,Catalog,Pink,3.7,31
382734,Polo-Shirt,Frontpage_Header,Blue,4.0,34
715821,Blouse,Display_Ad_Campaign,Brown,5.4,48
475129,Blouse,Frontpage_Header,Blue,4.3,37
186227,Sweatshirt,Frontpage_Header,Blue,3.1,25
546403,Polo-Shirt,Frontpage_Header,Brown,2.6,20
760505,Sweatshirt,Catalog,Brown,4.4,38
616766,Blouse,Display_Ad_Campaign,Blue,5.5,49
633102,T-Shirt,Display_Ad_Campaign,Blue,4.2,36
189152,T-Shirt,Frontpage_Header,Yellow,4.1,35
207216,Tunic,Frontpage_Header,Blue,3.3,27
964737,T-Shirt,Catalog,Multi-Color,1.5,9
801860,Tunic,Frontpage_Header,Multi-Color,2.6,20
550856,Sweatshirt,Catalog,Red,1.3,7
464020,Blouse,Display_Ad_Campaign,Blue,5.0,44
516605,T-Shirt,Catalog,Blue,3.6,30
744379,Tunic,Category_Highlight,Green,3.1,25
300266,Tunic,Display_Ad_Campaign,Red,4.2,36
193277,T-Shirt,Category_Highlight,Yellow,4.6,40
526045,Hoodie,Catalog,Black,4.7,41
559111,Blouse,Frontpage_Header,Black,4.3,37
899139,Sweatshirt,Catalog,Multi-Color,2.7,21
135528,Blouse,Frontpage_Header,Red,3.6,30
148605,Sweatshirt,Display_Ad_Campaign,Orange,4.9,43
663492,Polo-Shirt,Frontpage_Header,Brown,2.8,22
867621,Polo-Shirt,Category_Highlight,Pink,2.5,19
338365,Hoodie,Catalog,Green,3.9,33
656266,Tunic,Frontpage_Header,Multi-Color,2.7,21
488335,Hoodie,Catalog,Green,4.0,34
185095,Tunic,Display_Ad_Campaign,Multi-Color,4.6,40
279735,Blouse,Catalog,Blue,2.5,19
784723,Tunic,Frontpage_Header,Red,2.3,17
544448,Tunic,Category_Highlight,Blue,4.6,40
736156,T-Shirt,Catalog,Multi-Color,3.5,29
282753,T-Shirt,Frontpage_Header,Yellow,4.3,37
335177,Polo-Shirt,Catalog,Red,2.7,21
510840,Tunic,Category_Highlight,Multi-Color,3.2,26
532947,T-Shirt,Frontpage_Header,Multi-Color,4.6,40
616902,Blouse,Category_Highlight,Yellow,4.2,36
732746,Tunic,Category_Highlight,Multi-Color,3.8,32
451593,Sweatshirt,Frontpage_Header,Red,4.6,40
742658,Sweatshirt,Frontpage_Header,Yellow,3.7,31
671119,Sweatshirt,Display_Ad_Campaign,Blue,3.2,26
129318,Tunic,Category_Highlight,Multi-Color,2.9,23
385525,T-Shirt,Catalog,Red,5.0,44
725978,Sweatshirt,Frontpage_Header,White,4.7,41
773216,Sweatshirt,Catalog,Orange,3.1,25
621704,Polo-Shirt,Frontpage_Header,Brown,3.5,29
121124,Sweatshirt,Display_Ad_Campaign,Blue,3.8,32
971715,Polo-Shirt,Category_Highlight,Orange,3.5,29
608695,Hoodie,Category_Highlight,White,4.2,36
675955,Sweatshirt,Display_Ad_Campaign,Orange,4.6,40
604888,T-Shirt,Frontpage_Header,Multi-Color,2.6,20
415636,Sweatshirt,Catalog,Black,4.0,34
383328,Tunic,Display_Ad_Campaign,Multi-Color,4.1,35
617399,Polo-Shirt,Category_Highlight,Blue,1.9,13
963003,T-Shirt,Category_Highlight,Black,3.1,25
163379,Hoodie,Catalog,Black,5.2,46
557853,Polo-Shirt,Display_Ad_Campaign,Multi-Color,3.3,27
234263,Polo-Shirt,Category_Highlight,Red,2.6,20
849393,T-Shirt,Category_Highlight,Blue,1.9,13
780035,Hoodie,Category_Highlight,Blue,4.5,39
450354,Blouse,Frontpage_Header,Red,5.0,44
826034,T-Shirt,Frontpage_Header,Black,5.0,44
163612,Hoodie,Catalog,Pink,2.9,23
544374,Sweatshirt,Catalog,Orange,3.2,26
120113,Polo-Shirt,Catalog,Blue,1.4,8
444897,Sweatshirt,Frontpage_Header,Blue,3.0,24
442678,Polo-Shirt,Category_Highlight,White,3.4,28
592430,Polo-Shirt,Category_Highlight,Orange,3.1,25
967589,Blouse,Display_Ad_Campaign,Brown,5.2,46
123221,Sweatshirt,Display_Ad_Campaign,White,2.8,22
813098,Polo-Shirt,Catalog,Blue,2.3,17
810786,Polo-Shirt,Category_Highlight,Multi-Color,3.0,24
701204,Hoodie,Category_Highlight,Black,4.9,43
782494,Sweatshirt,Catalog,Yellow,2.8,22
888945,Tunic,Catalog,Green,2.5,19
628275,Polo-Shirt,Catalog,Pink,4.8,42
259377,T-Shirt,Category_Highlight,Green,4.8,42
384420,T-Shirt,Catalog,Blue,2.4,18
604561,Hoodie,Catalog,Pink,2.9,23
202047,T-Shirt,Frontpage_Header,Yellow,4.2,36
646834,Polo-Shirt,Frontpage_Header,Yellow,2.4,18
335083,Tunic,Catalog,Green,2.9,23
159084,Blouse,Frontpage_Header,Black,4.1,35
959812,Sweatshirt,Catalog,Orange,3.8,32
357687,Polo-Shirt,Category_Highlight,Yellow,2.1,15
470250,Polo-Shirt,Category_Highlight,Blue,3.2,26
487354,T-Shirt,Frontpage_Header,Red,4.8,42
895104,Tunic,Frontpage_Header,Brown,3.9,33
606794,Polo-Shirt,Category_Highlight,White,3.4,28
710520,Hoodie,Category_Highlight,White,4.7,41
397662,Polo-Shirt,Category_Highlight,Blue,2.2,16
848055,Polo-Shirt,Category_Highlight,Multi-Color,3.7,31
299575,Polo-Shirt,Category_Highlight,Blue,2.9,23
899665,T-Shirt,Catalog,Red,3.9,33
172077,Tunic,Display_Ad_Campaign,Black,2.6,20
492768,Polo-Shirt,Display_Ad_Campaign,Blue,1.4,8
107201,Blouse,Frontpage_Header,Black,4.6,40
480723,T-Shirt,Catalog,Red,4.6,40
814031,Sweatshirt,Display_Ad_Campaign,Black,3.6,30
194205,Blouse,Frontpage_Header,Blue,2.7,21
982097,Tunic,Frontpage_Header,Red,4.0,34
979338,Sweatshirt,Frontpage_Header,Green,2.8,22
796782,Polo-Shirt,Category_Highlight,Blue,3.5,29
860348,T-Shirt,Display_Ad_Campaign,Blue,4.9,43
529666,Polo-Shirt,Catalog,Blue,2.0,14
858331,Polo-Shirt,Display_Ad_Campaign,Black,3.2,26
358350,T-Shirt,Category_Highlight,Green,5.2,46
624525,Polo-Shirt,Display_Ad_Campaign,Pink,4.8,42
925924,Tunic,Category_Highlight,Multi-Color,3.8,32
757990,Tunic,Category_Highlight,Brown,3.8,32
163613,Tunic,Category_Highlight,Blue,4.3,37
158796,Polo-Shirt,Display_Ad_Campaign,Blue,2.2,16
289830,Tunic,Frontpage_Header,Multi-Color,3.6,30
359162,T-Shirt,Category_Highlight,Blue,3.6,30
494926,Tunic,Frontpage_Header,Yellow,2.6,20
460375,Tunic,Catalog,Blue,4.3,37
200830,T-Shirt,Display_Ad_Campaign,Black,3.4,28
558813,T-Shirt,Frontpage_Header,Blue,2.8,22
819470,Polo-Shirt,Frontpage_Header,Brown,2.4,18
373119,Sweatshirt,Catalog,Pink,2.5,19
411593,Polo-Shirt,Category_Highlight,Black,4.0,34
585729,Tunic,Category_Highlight,Multi-Color,2.6,20
594436,Blouse,Display_Ad_Campaign,White,4.9,43
974200,Tunic,Category_Highlight,White,4.2,36
162299,Polo-Shirt,Category_Highlight,Orange,1.8,12
351163,Tunic,Display_Ad_Campaign,Black,3.4,28
218385,Polo-Shirt,Display_Ad_Campaign,Yellow,4.6,40
773487,T-Shirt,Frontpage_Header,Red,4.0,34
349019,T-Shirt,Category_Highlight,Yellow,3.7,31
237976,Tunic,Category_Highlight,Multi-Color,3.5,29
748691,Tunic,Frontpage_Header,Multi-Color,2.5,19
492832,Tunic,Category_Highlight,Black,4.2,36
564181,Polo-Shirt,Category_Highlight,Blue,4.0,34
864453,T-Shirt,Display_Ad_Campaign,Multi-Color,1.9,13
713703,Blouse,Display_Ad_Campaign,Blue,4.7,41
402696,Tunic,Category_Highlight,Blue,4.9,43
452327,Tunic,Category_Highlight,Red,2.5,19
268902,Polo-Shirt,Display_Ad_Campaign,Yellow,3.8,32
875528,Blouse,Frontpage_Header,Red,1.9,13
966955,Sweatshirt,Frontpage_Header,Green,2.6,20
761321,T-Shirt,Category_Highlight,Blue,3.3,27
246533,T-Shirt,Catalog,Red,4.4,38
410112,Blouse,Frontpage_Header,Orange,4.1,35
233835,T-Shirt,Frontpage_Header,Yellow,4.5,39
730115,T-Shirt,Category_Highlight,Black,3.8,32
399146,Sweatshirt,Display_Ad_Campaign,Black,4.7,41
696090,Blouse,Frontpage_Header,Red,4.0,34
487839,Polo-Shirt,Category_Highlight,Yellow,4.2,36
247528,Tunic,Category_Highlight,Yellow,2.9,23
595658,T-Shirt,Display_Ad_Campaign,Black,3.9,33
143119,Hoodie,Catalog,Yellow,3.1,25
398716,Tunic,Category_Highlight,Red,3.7,31
863413,Polo-Shirt,Catalog,Yellow,3.5,29
827675,Sweatshirt,Display_Ad_Campaign,Orange,4.4,38
273699,Tunic,Display_Ad_Campaign,Yellow,4.8,42
700107,Blouse,Display_Ad_Campaign,Black,3.7,31
920871,T-Shirt,Catalog,Yellow,5.0,44
173461,Blouse,Frontpage_Header,Red,4.7,41
938351,Sweatshirt,Frontpage_Header,Orange,3.3,27
491168,Tunic,Catalog,Green,2.3,17
791946,Tunic,Category_Highlight,Brown,4.6,40
673144,Tunic,Catalog,Green,2.3,17
557196,Polo-Shirt,Display_Ad_Campaign,Yellow,3.7,31
691227,Hoodie,Catalog,Green,3.3,27
860611,Tunic,Category_Highlight,White,4.3,37
631335,Polo-Shirt,Catalog,Green,3.8,32
726862,Blouse,Category_Highlight,Blue,2.0,14
229794,Hoodie,Catalog,White,5.3,47
905213,Polo-Shirt,Catalog,Yellow,4.3,37
457596,Sweatshirt,Category_Highlight,Red,1.7,11
950323,Sweatshirt,Display_Ad_Campaign,Multi-Color,2.3,17
284430,Hoodie,Frontpage_Header,Pink,3.1,25
350341,Blouse,Frontpage_Header,Multi-Color,1.7,11
507189,Hoodie,Category_Highlight,White,4.8,42
738050,Sweatshirt,Frontpage_Header,Blue,4.0,34
136663,Tunic,Frontpage_Header,Multi-Color,3.4,28
846786,Tunic,Category_Highlight,Multi-Color,3.7,31
802603,Blouse,Frontpage_Header,Multi-Color,2.9,23
395995,Hoodie,Catalog,Pink,2.9,23
375566,Polo-Shirt,Catalog,Multi-Color,2.7,21
607914,T-Shirt,Catalog,Yellow,3.7,31
872187,T-Shirt,Frontpage_Header,Multi-Color,1.9,13
968487,Polo-Shirt,Catalog,Blue,1.3,7
285674,Hoodie,Display_Ad_Campaign,Yellow,3.9,33
808626,Tunic,Category_Highlight,Green,4.1,35
718237,T-Shirt,Catalog,Blue,2.0,14
327667,Hoodie,Catalog,Blue,1.6,10
131357,T-Shirt,Category_Highlight,Multi-Color,3.8,32
113108,Sweatshirt,Frontpage_Header,Green,3.2,26
292241,Sweatshirt,Category_Highlight,Blue,2.8,22
886391,Tunic,Frontpage_Header,Black,3.9,33
907469,Polo-Shirt,Catalog,Multi-Color,2.5,19
647169,Sweatshirt,Catalog,Black,4.8,42
559236,Hoodie,Frontpage_Header,Green,2.1,15
244268,Blouse,Catalog,Brown,5.2,46
847555,Tunic,Category_Highlight,Multi-Color,2.4,18
766783,T-Shirt,Frontpage_Header,Yellow,4.4,38
192180,Polo-Shirt,Category_Highlight,Pink,2.9,23
875764,Hoodie,Catalog,Yellow,2.7,21
920459,T-Shirt,Category_Highlight,Green,4.4,38
199582,Hoodie,Category_Highlight,Yellow,3.8,32
695957,Polo-Shirt,Category_Highlight,Blue,3.2,26
531550,T-Shirt,Frontpage_Header,Yellow,3.8,32
465394,Sweatshirt,Frontpage_Header,Blue,3.7,31
876529,Sweatshirt,Catalog,Red,1.9,13
476802,Blouse,Frontpage_Header,Red,3.8,32
686723,T-Shirt,Display_Ad_Campaign,Red,4.2,36
654218,Tunic,Frontpage_Header,Multi-Color,3.3,27
691732,T-Shirt,Frontpage_Header,Multi-Color,5.4,48
173596,Sweatshirt,Display_Ad_Campaign,White,3.0,24
955593,Sweatshirt,Catalog,Red,2.0,14
398744,Tunic,Frontpage_Header,Multi-Color,2.9,23
484350,Sweatshirt,Category_Highlight,Red,1.4,8
557858,Polo-Shirt,Catalog,Pink,2.7,21
121855,Polo-Shirt,Category_Highlight,Pink,2.6,20
931581,Tunic,Catalog,Blue,5.2,46
727400,Polo-Shirt,Display_Ad_Campaign,Yellow,4.9,43
780051,Polo-Shirt,Category_Highlight,Multi-Color,3.2,26
980801,T-Shirt,Category_Highlight,Multi-Color,3.5,29
768374,T-Shirt,Catalog,Red,4.3,37
495569,T-Shirt,Frontpage_Header,Pink,4.7,41
186941,Sweatshirt,Catalog,Yellow,3.1,25
199259,Polo-Shirt,Category_Highlight,Blue,3.0,24
970068,Blouse,Catalog,Pink,3.9,33
799988,T-Shirt,Category_Highlight,Green,5.2,46
210295,Hoodie,Catalog,Green,2.1,15
346675,Blouse,Display_Ad_Campaign,Brown,5.6,50
708007,Sweatshirt,Catalog,Yellow,3.0,24
551597,T-Shirt,Category_Highlight,Black,4.3,37
224444,Blouse,Catalog,Black,3.1,25
536995,T-Shirt,Catalog,Black,4.0,34
477572,Sweatshirt,Catalog,Green,3.4,28
267250,Hoodie,Display_Ad_Campaign,Orange,4.4,38
773461,Blouse,Catalog,Black,5.1,45
517815,Sweatshirt,Frontpage_Header,Blue,3.5,29
769765,Blouse,Display_Ad_Campaign,Blue,4.4,38
271452,Polo-Shirt,Category_Highlight,Orange,3.5,29
628169,Polo-Shirt,Frontpage_Header,Yellow,3.1,25
931090,T-Shirt,Category_Highlight,Blue,2.8,22
335074,Hoodie,Catalog,Orange,2.8,22
278754,Hoodie,Category_Highlight,Yellow,2.8,22
406575,Tunic,Category_Highlight,Brown,4.4,38
169604,Polo-Shirt,Category_Highlight,White,2.7,21
230277,Tunic,Category_Highlight,Blue,5.4,48
359600,Blouse,Frontpage_Header,Black,4.5,39
887115,Polo-Shirt,Category_Highlight,Brown,2.9,23
936423,Polo-Shirt,Display_Ad_Campaign,Pink,4.7,41
575647,Tunic,Category_Highlight,Orange,2.0,14
626735,Hoodie,Catalog,Green,2.7,21
303868,Tunic,Catalog,Brown,2.2,16
656692,Tunic,Catalog,Green,3.3,27
428614,Sweatshirt,Catalog,Multi-Color,1.5,9
309838,Tunic,Display_Ad_Campaign,Multi-Color,4.3,37
179311,Polo-Shirt,Catalog,Pink,4.4,38
788027,T-Shirt,Catalog,Red,4.5,39
252024,Hoodie,Display_Ad_Campaign,Orange,4.9,43
747773,Tunic,Category_Highlight,Blue,4.1,35
550107,Blouse,Display_Ad_Campaign,Brown,5.1,45
444530,Tunic,Display_Ad_Campaign,Black,3.2,26
593022,Sweatshirt,Category_Highlight,Red,1.3,7
942059,Hoodie,Category_Highlight,White,3.9,33
788032,Tunic,Category_Highlight,Multi-Color,2.8,22
332905,Blouse,Catalog,Orange,4.7,41
827729,T-Shirt,Category_Highlight,Yellow,4.0,34
710871,Sweatshirt,Display_Ad_Campaign,Orange,4.2,36
629015,T-Shirt,Frontpage_Header,Multi-Color,4.3,37
263372,Tunic,Category_Highlight,Green,3.3,27
170483,Blouse,Frontpage_Header,Black,5.2,46
600337,Polo-Shirt,Catalog,Brown,3.2,26
212497,Sweatshirt,Catalog,Multi-Color,2.3,17
234855,Blouse,Frontpage_Header,Green,2.4,18
300583,Hoodie,Category_Highlight,White,4.5,39
919298,Polo-Shirt,Category_Highlight,Orange,3.0,24
747144,Hoodie,Catalog,Orange,4.5,39
509715,T-Shirt,Catalog,Orange,4.3,37
760480,Sweatshirt,Display_Ad_Campaign,Pink,4.9,43
772806,Tunic,Category_Highlight,Multi-Color,3.4,28
524634,Sweatshirt,Catalog,Orange,3.6,30
776830,T-Shirt,Category_Highlight,Blue,3.2,26
853155,Blouse,Display_Ad_Campaign,Green,3.7,31
540712,Polo-Shirt,Catalog,Multi-Color,3.3,27
319418,Tunic,Category_Highlight,Yellow,3.8,32
535297,Blouse,Display_Ad_Campaign,Red,1.8,12
793310,Polo-Shirt,Catalog,Multi-Color,3.1,25
852052,Sweatshirt,Frontpage_Header,Yellow,3.2,26
946408,Tunic,Frontpage_Header,Black,3.2,26
907450,Tunic,Frontpage_Header,Pink,3.2,26
491746,Tunic,Category_Highlight,Multi-Color,3.1,25
759278,Tunic,Catalog,Brown,3.4,28
860108,Tunic,Category_Highlight,Black,4.5,39
322406,Sweatshirt,Catalog,Black,5.2,46
661510,Tunic,Frontpage_Header,Blue,3.0,24
106230,Tunic,Category_Highlight,Pink,2.4,18
967962,Blouse,Frontpage_Header,Blue,4.5,39
333327,Blouse,Display_Ad_Campaign,Blue,5.1,45
883507,Tunic,Catalog,Green,2.9,23
493384,Polo-Shirt,Category_Highlight,Yellow,2.9,23
720511,Polo-Shirt,Catalog,Yellow,3.1,25
231462,Blouse,Catalog,Yellow,4.2,36
799173,Sweatshirt,Catalog,Orange,4.3,37
263684,Hoodie,Frontpage_Header,Blue,3.7,31
369197,Blouse,Category_Highlight,Blue,3.3,27
780491,T-Shirt,Display_Ad_Campaign,Black,3.4,28
402640,Tunic,Category_Highlight,Multi-Color,3.2,26
716360,Hoodie,Catalog,Yellow,2.9,23
123438,T-Shirt,Catalog,Black,2.7,21
309565,Polo-Shirt,Catalog,Pink,3.9,33
635925,Sweatshirt,Frontpage_Header,Black,3.4,28
871893,Polo-Shirt,Frontpage_Header,White,2.8,22
851884,Blouse,Display_Ad_Campaign,Brown,4.9,43
246104,T-Shirt,Category_Highlight,Multi-Color,1.7,11
622589,Hoodie,Display_Ad_Campaign,Yellow,2.1,15
954012,Tunic,Category_Highlight,Pink,2.2,16
547904,Sweatshirt,Frontpage_Header,Green,2.8,22
227587,Hoodie,Catalog,Green,4.5,39
332221,Tunic,Category_Highlight,Brown,4.3,37
809760,Tunic,Display_Ad_Campaign,Black,2.8,22
836730,Hoodie,Category_Highlight,Orange,2.0,14
858016,Tunic,Category_Highlight,Multi-Color,2.7,21
301327,Hoodie,Catalog,Yellow,2.8,22
285717,Tunic,Frontpage_Header,Red,2.4,18
522674,Blouse,Display_Ad_Campaign,Brown,5.8,52
660011,Polo-Shirt,Category_Highlight,Blue,3.3,27
913636,T-Shirt,Category_Highlight,Yellow,4.0,34
520966,Polo-Shirt,Category_Highlight,Green,3.2,26
935286,Sweatshirt,Frontpage_Header,Red,1.4,8
459173,Blouse,Display_Ad_Campaign,Blue,5.0,44
180834,Polo-Shirt,Frontpage_Header,Green,2.3,17
247182,Hoodie,Category_Highlight,Green,4.1,35
813577,Blouse,Frontpage_Header,Red,1.6,10
244133,Hoodie,Catalog,Green,3.8,32
808914,Polo-Shirt,Frontpage_Header,Brown,3.0,24
301608,Hoodie,Frontpage_Header,Yellow,2.2,16
481044,Tunic,Frontpage_Header,Red,3.7,31
794197,T-Shirt,Category_Highlight,Blue,3.6,30
643455,T-Shirt,Category_Highlight,Blue,2.9,23
653193,Sweatshirt,Catalog,Multi-Color,1.8,12
238027,Tunic,Frontpage_Header,Blue,3.4,28
782094,Tunic,Frontpage_Header,Blue,3.6,30
657662,T-Shirt,Frontpage_Header,Yellow,4.5,39
877634,Blouse,Frontpage_Header,Multi-Color,2.1,15
978759,Polo-Shirt,Catalog,Multi-Color,3.7,31
763910,T-Shirt,Category_Highlight,Green,4.1,35
389296,Sweatshirt,Display_Ad_Campaign,Blue,3.3,27
565342,Polo-Shirt,Frontpage_Header,Yellow,2.4,18
720681,Sweatshirt,Display_Ad_Campaign,Blue,3.7,31
956230,T-Shirt,Category_Highlight,Yellow,4.3,37
280835,Sweatshirt,Frontpage_Header,Yellow,3.4,28
237419,Blouse,Display_Ad_Campaign,Brown,5.0,44
735220,T-Shirt,Frontpage_Header,Yellow,4.2,36
962589,Hoodie,Frontpage_Header,Blue,3.1,25
907905,Hoodie,Category_Highlight,Blue,4.5,39
510849,Polo-Shirt,Catalog,Blue,1.8,12
766331,Tunic,Category_Highlight,Green,3.2,26
297071,Polo-Shirt,Frontpage_Header,Brown,2.4,18
204394,Tunic,Category_Highlight,Red,3.4,28
469097,Sweatshirt,Display_Ad_Campaign,Orange,4.6,40
855310,Polo-Shirt,Category_Highlight,Green,3.9,33
897822,Hoodie,Category_Highlight,Blue,4.4,38
839981,T-Shirt,Category_Highlight,Blue,3.9,33
762895,Polo-Shirt,Catalog,Pink,3.2,26
902246,Blouse,Category_Highlight,Black,4.6,40
170161,T-Shirt,Frontpage_Header,Green,4.5,39
205302,Polo-Shirt,Category_Highlight,Multi-Color,2.7,21
416347,Tunic,Category_Highlight,White,3.7,31
121326,Hoodie,Display_Ad_Campaign,Yellow,4.9,43
744651,T-Shirt,Frontpage_Header,Yellow,3.9,33
104681,Sweatshirt,Catalog,Multi-Color,1.9,13
869194,Hoodie,Category_Highlight,Blue,3.5,29
642161,Tunic,Frontpage_Header,Red,3.7,31
371304,Polo-Shirt,Frontpage_Header,Yellow,2.4,18
974644,Hoodie,Catalog,Orange,3.2,26
924668,Tunic,Category_Highlight,Yellow,3.7,31
389920,Tunic,Frontpage_Header,Multi-Color,3.0,24
178093,Polo-Shirt,Catalog,Brown,2.9,23
904540,Hoodie,Catalog,Green,3.8,32
616188,Sweatshirt,Frontpage_Header,Blue,2.9,23
704071,Tunic,Category_Highlight,Pink,1.9,13
850711,Sweatshirt,Frontpage_Header,Blue,3.7,31
619965,T-Shirt,Catalog,Multi-Color,3.1,25
933665,Sweatshirt,Category_Highlight,Red,1.6,10
885348,Polo-Shirt,Category_Highlight,Brown,3.7,31
479739,Tunic,Display_Ad_Campaign,Black,2.8,22
291508,T-Shirt,Category_Highlight,Blue,2.9,23
817676,Polo-Shirt,Category_Highlight,Multi-Color,3.0,24
599558,T-Shirt,Frontpage_Header,Pink,4.2,36
847320,Hoodie,Category_Highlight,White,4.9,43
463834,Sweatshirt,Display_Ad_Campaign,Blue,3.2,26
210361,Blouse,Catalog,Yellow,3.6,30
507542,Polo-Shirt,Catalog,Pink,2.6,20
842104,Sweatshirt,Catalog,Orange,4.6,40
421159,Sweatshirt,Frontpage_Header,Orange,4.2,36
228627,Hoodie,Category_Highlight,White,4.4,38
213183,Polo-Shirt,Category_Highlight,Blue,3.0,24
204801,Blouse,Category_Highlight,Red,1.4,8
519148,Tunic,Catalog,Green,2.5,19
262223,T-Shirt,Catalog,Multi-Color,1.7,11
541156,Polo-Shirt,Catalog,Pink,3.5,29
657512,Tunic,Catalog,Green,2.6,20
817062,Tunic,Frontpage_Header,Multi-Color,2.9,23
896419,Polo-Shirt,Catalog,Pink,3.4,28
598314,Hoodie,Catalog,Multi-Color,2.3,17
135234,Tunic,Category_Highlight,Multi-Color,3.3,27
269320,Tunic,Catalog,Green,2.5,19
432239,Sweatshirt,Frontpage_Header,Green,3.0,24
375103,Polo-Shirt,Frontpage_Header,Brown,2.7,21
190499,Tunic,Category_Highlight,Blue,4.7,41
618058,Hoodie,Frontpage_Header,Blue,4.2,36
136227,Blouse,Catalog,Yellow,4.1,35
612923,Sweatshirt,Catalog,Orange,2.8,22
523260,Hoodie,Frontpage_Header,Green,3.4,28
890654,Tunic,Category_Highlight,Blue,4.7,41
375146,Tunic,Category_Highlight,Brown,4.1,35
213023,Polo-Shirt,Catalog,Multi-Color,3.6,30
109264,T-Shirt,Display_Ad_Campaign,Black,3.8,32
971902,Polo-Shirt,Catalog,Yellow,4.1,35
401327,Sweatshirt,Catalog,Orange,3.8,32
952736,Blouse,Category_Highlight,Orange,3.7,31
273900,T-Shirt,Category_Highlight,Pink,3.9,33
533005,Hoodie,Frontpage_Header,Green,3.2,26
579123,Polo-Shirt,Frontpage_Header,Yellow,2.3,17
478527,Sweatshirt,Frontpage_Header,Pink,3.1,25
988805,Polo-Shirt,Category_Highlight,Pink,3.6,30
232920,Polo-Shirt,Catalog,Blue,1.5,9
891054,T-Shirt,Category_Highlight,Blue,2.0,14
214453,Tunic,Frontpage_Header,Blue,3.4,28
959044,Tunic,Frontpage_Header,Blue,3.4,28
466964,T-Shirt,Frontpage_Header,Yellow,4.4,38
360484,Sweatshirt,Catalog,Yellow,3.3,27
767189,T-Shirt,Frontpage_Header,Yellow,4.3,37
159789,Sweatshirt,Catalog,Orange,3.9,33
250579,Polo-Shirt,Display_Ad_Campaign,Blue,2.0,14
609436,Sweatshirt,Category_Highlight,Orange,1.2,6
861540,Polo-Shirt,Catalog,Orange,3.1,25
574643,Polo-Shirt,Catalog,Yellow,3.4,28
220937,Hoodie,Catalog,Green,3.8,32
914087,Polo-Shirt,Category_Highlight,Yellow,2.3,17
982755,Tunic,Category_Highlight,Blue,3.4,28
926332,Tunic,Catalog,Brown,4.1,35
312232,T-Shirt,Frontpage_Header,Multi-Color,4.5,39
282377,Hoodie,Catalog,Yellow,2.8,22
300297,Tunic,Catalog,Red,2.7,21
110667,T-Shirt,Catalog,Red,4.6,40
443380,T-Shirt,Category_Highlight,Black,3.2,26
522830,Blouse,Catalog,Yellow,3.9,33
168511,T-Shirt,Display_Ad_Campaign,Black,3.3,27
720349,Tunic,Catalog,Blue,4.5,39
724763,Hoodie,Catalog,White,4.3,37
636908,Tunic,Frontpage_Header,Multi-Color,3.1,25
236096,Blouse,Catalog,Blue,1.5,9
436400,Sweatshirt,Catalog,Black,4.7,41
334342,Polo-Shirt,Catalog,Green,4.3,37
162557,Polo-Shirt,Catalog,Blue,3.1,25
197543,Tunic,Category_Highlight,Blue,4.4,38
821829,T-Shirt,Category_Highlight,Green,5.7,51
340571,T-Shirt,Category_Highlight,Yellow,4.2,36
382178,Tunic,Frontpage_Header,Multi-Color,2.8,22
836026,Tunic,Frontpage_Header,Pink,2.8,22
461398,Polo-Shirt,Catalog,Pink,3.9,33
466254,Tunic,Display_Ad_Campaign,Blue,1.7,11
269501,Hoodie,Catalog,Pink,3.6,30
748092,Sweatshirt,Frontpage_Header,Pink,3.2,26
488068,Polo-Shirt,Category_Highlight,Orange,2.7,21
321223,Sweatshirt,Catalog,Orange,4.4,38
527453,Tunic,Display_Ad_Campaign,Black,3.3,27
190457,Tunic,Catalog,Multi-Color,2.2,16
863872,T-Shirt,Category_Highlight,Blue,2.7,21
776235,Blouse,Display_Ad_Campaign,Blue,5.0,44
358925,Blouse,Catalog,Blue,5.4,48
870668,T-Shirt,Catalog,Yellow,3.1,25
114269,Blouse,Display_Ad_Campaign,Multi-Color,1.3,7
423125,Polo-Shirt,Category_Highlight,Blue,3.5,29
433308,Hoodie,Catalog,Yellow,3.1,25
782286,Sweatshirt,Catalog,Black,4.5,39
254583,Sweatshirt,Catalog,Green,4.2,36
777182,Blouse,Display_Ad_Campaign,White,5.3,47
759227,Sweatshirt,Frontpage_Header,Orange,4.4,38
134701,Sweatshirt,Category_Highlight,Blue,3.2,26
331937,Hoodie,Display_Ad_Campaign,Yellow,4.9,43
152458,Polo-Shirt,Display_Ad_Campaign,Yellow,5.4,48
393833,T-Shirt,Category_Highlight,Blue,2.7,21
308008,T-Shirt,Catalog,Black,3.6,30
476160,T-Shirt,Category_Highlight,Red,4.5,39
715890,Polo-Shirt,Frontpage_Header,Red,3.1,25
106555,Tunic,Frontpage_Header,Multi-Color,3.4,28
592315,Polo-Shirt,Catalog,Blue,1.3,7
944431,T-Shirt,Frontpage_Header,Blue,3.3,27
615981,T-Shirt,Category_Highlight,Blue,3.0,24
903391,Polo-Shirt,Category_Highlight,Blue,2.0,14
478674,Sweatshirt,Catalog,Orange,3.7,31
796113,T-Shirt,Category_Highlight,Multi-Color,4.4,38
410608,Sweatshirt,Catalog,Black,4.6,40
886096,Hoodie,Category_Highlight,White,4.0,34
310970,Blouse,Frontpage_Header,Red,4.2,36
979549,Hoodie,Catalog,Pink,3.3,27
727012,T-Shirt,Display_Ad_Campaign,Blue,3.2,26
562980,Hoodie,Catalog,Pink,3.1,25
376778,T-Shirt,Display_Ad_Campaign,Black,4.6,40
300162,Hoodie,Catalog,Yellow,3.8,32
382430,Hoodie,Category_Highlight,Multi-Color,3.3,27
940176,Polo-Shirt,Catalog,Blue,2.2,16
107598,Polo-Shirt,Display_Ad_Campaign,Pink,5.0,44
251244,T-Shirt,Frontpage_Header,Multi-Color,3.6,30
705668,Polo-Shirt,Catalog,Blue,2.7,21
186044,Hoodie,Display_Ad_Campaign,Yellow,3.3,27
413977,Sweatshirt,Catalog,Black,4.5,39
941688,T-Shirt,Display_Ad_Campaign,Black,4.3,37
965004,Hoodie,Display_Ad_Campaign,Yellow,4.8,42
697301,T-Shirt,Category_Highlight,Multi-Color,3.3,27
951458,Hoodie,Catalog,Green,3.5,29
539316,Sweatshirt,Frontpage_Header,Green,3.1,25
109002,Blouse,Frontpage_Header,Multi-Color,4.8,42
270338,Polo-Shirt,Category_Highlight,Yellow,3.5,29
206402,Blouse,Frontpage_Header,Red,4.1,35
254956,Polo-Shirt,Frontpage_Header,Pink,3.2,26
669612,Blouse,Frontpage_Header,Black,4.9,43
165706,Polo-Shirt,Catalog,Yellow,3.7,31
680026,Blouse,Display_Ad_Campaign,Yellow,3.1,25
403364,Sweatshirt,Category_Highlight,Red,0.7,1
769666,Tunic,Catalog,Green,2.5,19
861225,Blouse,Frontpage_Header,Blue,4.0,34
481889,Polo-Shirt,Catalog,Blue,1.9,13
122887,Sweatshirt,Catalog,Multi-Color,2.5,19
174048,Tunic,Frontpage_Header,Multi-Color,2.9,23
672061,Blouse,Frontpage_Header,Black,4.9,43
658964,Sweatshirt,Frontpage_Header,Pink,3.2,26
318945,Sweatshirt,Display_Ad_Campaign,Orange,4.9,43
838570,Tunic,Display_Ad_Campaign,Multi-Color,4.2,36
533028,Hoodie,Display_Ad_Campaign,Yellow,4.4,38
585040,Sweatshirt,Category_Highlight,Green,3.6,30
522779,Hoodie,Frontpage_Header,Brown,2.1,15
470658,Sweatshirt,Category_Highlight,Red,1.3,7
663786,Sweatshirt,Catalog,Pink,5.0,44
551743,Tunic,Category_Highlight,Brown,2.6,20
895895,Tunic,Frontpage_Header,Yellow,2.3,17
907649,Sweatshirt,Display_Ad_Campaign,Yellow,3.4,28
705758,T-Shirt,Frontpage_Header,Multi-Color,3.3,27
952003,Tunic,Catalog,Brown,4.1,35
788948,Polo-Shirt,Catalog,Pink,4.4,38
682941,Hoodie,Category_Highlight,White,4.0,34
603322,Blouse,Catalog,Pink,4.2,36
921618,T-Shirt,Category_Highlight,Yellow,4.9,43
308473,Polo-Shirt,Catalog,Pink,3.4,28
906890,Blouse,Frontpage_Header,Blue,3.9,33
734074,Polo-Shirt,Catalog,Multi-Color,2.7,21
407123,Sweatshirt,Display_Ad_Campaign,Red,2.5,19
576844,Sweatshirt,Display_Ad_Campaign,White,5.4,48
307519,Polo-Shirt,Catalog,Brown,3.4,28
860450,T-Shirt,Category_Highlight,Multi-Color,4.6,40
669357,T-Shirt,Catalog,Multi-Color,1.3,7
288613,Sweatshirt,Catalog,Blue,3.2,26
702584,Blouse,Frontpage_Header,Multi-Color,2.1,15
715252,Hoodie,Catalog,Yellow,2.6,20
726799,Sweatshirt,Catalog,Green,3.8,32
426264,Sweatshirt,Frontpage_Header,Green,2.8,22
216806,Blouse,Category_Highlight,Blue,2.6,20
373270,Polo-Shirt,Catalog,Pink,4.1,35
263267,Sweatshirt,Catalog,Black,4.7,41
986909,T-Shirt,Category_Highlight,Black,3.9,33
839329,Tunic,Category_Highlight,Multi-Color,3.3,27
110136,Hoodie,Catalog,Orange,3.2,26
885847,Hoodie,Catalog,Pink,3.8,32
121501,Polo-Shirt,Catalog,Black,1.3,7
127872,Sweatshirt,Display_Ad_Campaign,Blue,3.5,29
677501,Tunic,Category_Highlight,White,4.6,40
511730,Polo-Shirt,Category_Highlight,Orange,2.7,21
896612,Sweatshirt,Catalog,Blue,3.4,28
171139,Polo-Shirt,Catalog,Pink,3.3,27
159966,Tunic,Catalog,Yellow,2.4,18
445284,T-Shirt,Category_Highlight,Black,3.2,26
926931,Polo-Shirt,Category_Highlight,Brown,4.2,36
759122,Blouse,Catalog,Yellow,4.1,35
422870,Polo-Shirt,Display_Ad_Campaign,Yellow,4.4,38
414934,T-Shirt,Category_Highlight,Green,4.6,40
659096,T-Shirt,Category_Highlight,White,2.9,23
343186,Hoodie,Category_Highlight,Multi-Color,2.0,14
163360,T-Shirt,Category_Highlight,Yellow,4.1,35
363633,T-Shirt,Display_Ad_Campaign,Orange,4.6,40
692356,T-Shirt,Catalog,Black,3.0,24
161184,Tunic,Catalog,Black,5.2,46
189438,Blouse,Frontpage_Header,Blue,3.2,26
198452,Sweatshirt,Catalog,Multi-Color,1.8,12
257890,Blouse,Category_Highlight,Multi-Color,2.7,21
981410,Tunic,Catalog,Brown,2.1,15
567321,Tunic,Display_Ad_Campaign,Multi-Color,4.5,39
829087,Blouse,Display_Ad_Campaign,Blue,5.2,46
129588,Sweatshirt,Frontpage_Header,Red,1.9,13
974916,T-Shirt,Frontpage_Header,Multi-Color,3.9,33
607542,Tunic,Category_Highlight,Yellow,2.7,21
905973,Polo-Shirt,Catalog,Multi-Color,3.1,25
229952,Blouse,Category_Highlight,Blue,2.1,15
624415,T-Shirt,Frontpage_Header,Yellow,3.7,31
575863,Tunic,Frontpage_Header,Multi-Color,2.9,23
851828,Polo-Shirt,Category_Highlight,Orange,2.2,16
544491,Sweatshirt,Catalog,Red,1.6,10
362976,Hoodie,Category_Highlight,White,4.4,38
246001,Sweatshirt,Frontpage_Header,Blue,3.2,26
792553,T-Shirt,Catalog,Multi-Color,2.2,16
978367,Tunic,Display_Ad_Campaign,Black,2.9,23
554395,Blouse,Display_Ad_Campaign,Red,3.7,31
684630,T-Shirt,Catalog,Black,3.8,32
267971,Tunic,Display_Ad_Campaign,Green,2.4,18
301184,Polo-Shirt,Category_Highlight,Brown,4.2,36
675740,Tunic,Catalog,Yellow,4.3,37
328560,Tunic,Frontpage_Header,White,3.8,32
354180,Sweatshirt,Catalog,Multi-Color,2.8,22
272082,Blouse,Frontpage_Header,Multi-Color,2.8,22
367303,T-Shirt,Category_Highlight,Yellow,4.7,41
622855,Sweatshirt,Catalog,Black,5.2,46
570105,Tunic,Category_Highlight,Red,3.4,28
415278,T-Shirt,Category_Highlight,Green,4.7,41
113913,T-Shirt,Frontpage_Header,Multi-Color,4.0,34
968974,Hoodie,Catalog,Yellow,2.7,21
214941,T-Shirt,Frontpage_Header,Multi-Color,4.3,37
447730,Polo-Shirt,Frontpage_Header,Orange,2.5,19
399298,Polo-Shirt,Category_Highlight,Blue,3.2,26
838930,Polo-Shirt,Catalog,Brown,3.9,33
317549,Sweatshirt,Frontpage_Header,Blue,3.6,30
555034,Blouse,Category_Highlight,Multi-Color,3.2,26
694099,Tunic,Catalog,Pink,4.1,35
135698,T-Shirt,Frontpage_Header,Multi-Color,4.5,39
382882,Polo-Shirt,Catalog,Pink,4.0,34
550941,Tunic,Frontpage_Header,Blue,3.3,27
168291,T-Shirt,Category_Highlight,Yellow,4.1,35
524534,Tunic,Category_Highlight,Green,3.7,31
870896,Blouse,Frontpage_Header,Multi-Color,2.1,15
493363,T-Shirt,Display_Ad_Campaign,Blue,4.0,34
251185,Polo-Shirt,Category_Highlight,Brown,3.8,32
901745,T-Shirt,Category_Highlight,Multi-Color,3.6,30
780744,Hoodie,Catalog,Red,1.5,9
372808,Sweatshirt,Category_Highlight,Red,1.3,7
704487,Polo-Shirt,Catalog,Pink,2.6,20
317772,Hoodie,Category_Highlight,Orange,3.4,28
218642,T-Shirt,Category_Highlight,Green,5.2,46
884160,Sweatshirt,Catalog,Multi-Color,2.3,17
799174,Sweatshirt,Catalog,Orange,2.1,15
954564,Polo-Shirt,Catalog,Black,2.2,16
151278,T-Shirt,Frontpage_Header,Multi-Color,3.0,24
607051,Polo-Shirt,Frontpage_Header,Green,2.3,17
550114,Sweatshirt,Catalog,Black,5.2,46
892267,Blouse,Frontpage_Header,Red,4.5,39
533919,Tunic,Frontpage_Header,Yellow,2.3,17
184436,Sweatshirt,Frontpage_Header,Green,2.8,22
566336,Tunic,Frontpage_Header,Black,4.4,38
847481,Tunic,Category_Highlight,Yellow,3.1,25
967980,Polo-Shirt,Frontpage_Header,Orange,1.9,13
643033,Sweatshirt,Frontpage_Header,Blue,2.5,19
653909,Polo-Shirt,Category_Highlight,Black,3.6,30
965887,Tunic,Category_Highlight,Pink,2.5,19
495820,Sweatshirt,Catalog,Red,2.2,16
846420,T-Shirt,Catalog,Blue,3.0,24
160483,T-Shirt,Frontpage_Header,Multi-Color,4.1,35
853782,Sweatshirt,Category_Highlight,White,4.7,41
485396,Blouse,Frontpage_Header,Red,4.2,36
700052,T-Shirt,Catalog,Yellow,4.1,35
545718,Sweatshirt,Frontpage_Header,Blue,4.0,34
434435,Polo-Shirt,Catalog,Pink,3.3,27
378584,Blouse,Frontpage_Header,Blue,3.1,25
257598,Tunic,Category_Highlight,Red,3.4,28
779686,Sweatshirt,Catalog,Yellow,3.7,31
528755,T-Shirt,Display_Ad_Campaign,Black,3.6,30
796668,Sweatshirt,Frontpage_Header,Multi-Color,2.3,17
254768,Blouse,Category_Highlight,Blue,2.4,18
248641,Sweatshirt,Catalog,Orange,3.8,32
950647,Polo-Shirt,Catalog,Multi-Color,2.5,19
365198,Blouse,Display_Ad_Campaign,Blue,4.8,42
380459,Polo-Shirt,Category_Highlight,Orange,2.2,16
806694,Hoodie,Catalog,Yellow,2.7,21
132801,Blouse,Frontpage_Header,Red,4.3,37
846123,T-Shirt,Category_Highlight,Blue,3.0,24
124948,Polo-Shirt,Frontpage_Header,Green,2.6,20
353501,Hoodie,Catalog,Yellow,3.5,29
262457,Tunic,Category_Highlight,Blue,5.7,51
141547,Tunic,Frontpage_Header,Yellow,2.5,19
693881,T-Shirt,Category_Highlight,Blue,2.6,20
553562,Tunic,Display_Ad_Campaign,Red,3.9,33
421858,Sweatshirt,Display_Ad_Campaign,Orange,4.0,34
616176,Polo-Shirt,Frontpage_Header,Green,2.7,21
591295,T-Shirt,Display_Ad_Campaign,Blue,3.3,27
498364,Sweatshirt,Category_Highlight,Orange,3.5,29
350624,Polo-Shirt,Catalog,Multi-Color,2.9,23
300700,Tunic,Catalog,Green,2.8,22
809350,Blouse,Frontpage_Header,Blue,3.9,33
836398,Tunic,Catalog,Green,2.2,16
371973,Tunic,Display_Ad_Campaign,Multi-Color,4.0,34
130810,T-Shirt,Category_Highlight,Red,4.2,36
565543,Tunic,Display_Ad_Campaign,Black,2.8,22
243052,Tunic,Catalog,Multi-Color,4.9,43
631092,Sweatshirt,Display_Ad_Campaign,Orange,4.5,39
173648,Hoodie,Display_Ad_Campaign,Orange,5.2,46
824617,Tunic,Catalog,Yellow,3.1,25
714309,Blouse,Frontpage_Header,Red,4.1,35
188675,Polo-Shirt,Catalog,Yellow,3.1,25
983756,Polo-Shirt,Catalog,Green,3.4,28
716470,Sweatshirt,Category_Highlight,Red,1.1,5
263887,Tunic,Display_Ad_Campaign,Black,2.5,19
565211,T-Shirt,Category_Highlight,Multi-Color,4.5,39
911478,Hoodie,Display_Ad_Campaign,Green,3.8,32
803074,Sweatshirt,Frontpage_Header,Blue,2.5,19
670986,Sweatshirt,Frontpage_Header,Green,3.3,27
967498,Tunic,Category_Highlight,Yellow,3.5,29
824944,Tunic,Category_Highlight,Green,4.5,39
186208,Sweatshirt,Catalog,Blue,3.1,25
600093,Tunic,Category_Highlight,Pink,2.4,18
799749,Blouse,Frontpage_Header,Red,3.4,28
251555,T-Shirt,Category_Highlight,Multi-Color,1.7,11
141897,Hoodie,Display_Ad_Campaign,Yellow,4.9,43
757471,Tunic,Category_Highlight,Orange,3.4,28
255970,Polo-Shirt,Category_Highlight,Brown,3.3,27
746987,Blouse,Display_Ad_Campaign,White,4.6,40
431465,Tunic,Display_Ad_Campaign,Black,2.6,20
676381,Tunic,Frontpage_Header,Blue,3.6,30
815098,Sweatshirt,Catalog,Black,5.3,47
383208,Hoodie,Display_Ad_Campaign,Black,4.8,42
466488,Hoodie,Category_Highlight,Brown,3.1,25
608277,Sweatshirt,Frontpage_Header,Orange,3.3,27
216383,Tunic,Category_Highlight,Green,4.1,35
123275,Tunic,Display_Ad_Campaign,Multi-Color,4.5,39
510053,Polo-Shirt,Frontpage_Header,Yellow,3.1,25
529473,Polo-Shirt,Category_Highlight,Orange,2.1,15
865260,Blouse,Frontpage_Header,Red,2.1,15
731467,Sweatshirt,Catalog,Black,5.1,45
870990,Hoodie,Catalog,Yellow,2.9,23
820355,Tunic,Category_Highlight,Multi-Color,2.8,22
467646,Hoodie,Display_Ad_Campaign,Orange,4.8,42
900588,Tunic,Frontpage_Header,Blue,4.1,35
294591,Polo-Shirt,Category_Highlight,Brown,4.1,35
930914,T-Shirt,Catalog,Multi-Color,2.1,15
272449,Tunic,Category_Highlight,Black,3.8,32
686179,T-Shirt,Category_Highlight,Pink,3.9,33
809523,T-Shirt,Display_Ad_Campaign,Black,4.1,35
123979,Tunic,Catalog,Yellow,2.6,20
631487,T-Shirt,Category_Highlight,Blue,2.6,20
479552,T-Shirt,Catalog,Blue,3.0,24
979082,Blouse,Frontpage_Header,Multi-Color,5.1,45
599834,T-Shirt,Catalog,Multi-Color,1.5,9
110462,Tunic,Category_Highlight,Blue,3.5,29
453357,Tunic,Display_Ad_Campaign,Blue,2.3,17
989050,Blouse,Frontpage_Header,Red,4.1,35
427356,Polo-Shirt,Category_Highlight,Blue,3.6,30
667305,Sweatshirt,Category_Highlight,Red,1.5,9
511310,Polo-Shirt,Category_Highlight,Orange,2.0,14
527218,Tunic,Display_Ad_Campaign,Black,2.6,20
959222,Tunic,Category_Highlight,Blue,4.1,35
867782,Polo-Shirt,Category_Highlight,Brown,4.2,36
252962,Tunic,Category_Highlight,Yellow,2.3,17
595946,Sweatshirt,Catalog,Multi-Color,2.4,18
465663,Blouse,Category_Highlight,Multi-Color,4.1,35
299018,Polo-Shirt,Category_Highlight,Blue,3.1,25
682213,Tunic,Catalog,Red,3.4,28
290606,T-Shirt,Display_Ad_Campaign,Black,3.6,30
364069,Blouse,Category_Highlight,Blue,3.1,25
855253,Sweatshirt,Display_Ad_Campaign,Orange,4.4,38
720091,Blouse,Category_Highlight,Blue,3.0,24
296912,T-Shirt,Catalog,Blue,3.1,25
500640,Hoodie,Catalog,Green,3.7,31
524032,Tunic,Catalog,Green,2.5,19
713344,Blouse,Category_Highlight,Yellow,4.4,38
557730,Hoodie,Display_Ad_Campaign,Yellow,2.3,17
369316,Blouse,Frontpage_Header,Black,5.2,46
103889,T-Shirt,Frontpage_Header,Green,3.8,32
274130,Tunic,Frontpage_Header,Multi-Color,2.6,20
692908,Sweatshirt,Frontpage_Header,Yellow,3.1,25
784382,Hoodie,Display_Ad_Campaign,Yellow,5.5,49
810170,T-Shirt,Category_Highlight,Blue,2.6,20
710078,Hoodie,Catalog,Green,3.3,27
266806,Blouse,Display_Ad_Campaign,Brown,5.1,45
751954,Polo-Shirt,Display_Ad_Campaign,Pink,4.4,38
686565,Blouse,Catalog,Yellow,3.2,26
799565,Blouse,Display_Ad_Campaign,White,5.0,44
856266,Polo-Shirt,Catalog,Blue,1.5,9
354233,Polo-Shirt,Catalog,Black,2.3,17
751917,Sweatshirt,Category_Highlight,Orange,4.2,36
553766,Polo-Shirt,Category_Highlight,Blue,3.8,32
728883,Polo-Shirt,Catalog,Yellow,2.6,20
341847,Sweatshirt,Frontpage_Header,Orange,3.9,33
436581,Hoodie,Catalog,Yellow,3.3,27
608244,Sweatshirt,Catalog,Red,1.8,12
537529,Sweatshirt,Catalog,Orange,4.2,36
116574,Blouse,Frontpage_Header,Blue,4.0,34
491871,Sweatshirt,Category_Highlight,Red,1.1,5
872990,Polo-Shirt,Catalog,Yellow,3.6,30
289749,Blouse,Display_Ad_Campaign,Brown,5.2,46
670740,Hoodie,Catalog,Brown,3.7,31
771433,Blouse,Display_Ad_Campaign,Blue,4.8,42
944080,Tunic,Catalog,Pink,3.0,24
262558,Polo-Shirt,Catalog,Blue,5.0,44
981754,T-Shirt,Frontpage_Header,Yellow,4.9,43
593241,T-Shirt,Category_Highlight,Green,4.7,41
883410,Polo-Shirt,Frontpage_Header,Yellow,2.1,15
975318,Blouse,Category_Highlight,Multi-Color,2.7,21
331361,Polo-Shirt,Category_Highlight,Multi-Color,2.4,18
792274,T-Shirt,Category_Highlight,Green,5.0,44
294181,Blouse,Frontpage_Header,Black,4.8,42
874519,Polo-Shirt,Category_Highlight,Brown,3.8,32
308551,Hoodie,Catalog,Red,2.2,16
217989,Blouse,Frontpage_Header,Multi-Color,2.2,16
206399,Polo-Shirt,Catalog,Green,3.7,31
262306,Tunic,Display_Ad_Campaign,Black,3.2,26
919060,Hoodie,Category_Highlight,Red,1.7,11
385060,Polo-Shirt,Category_Highlight,Blue,3.3,27
864544,Sweatshirt,Frontpage_Header,Pink,3.7,31
346946,T-Shirt,Frontpage_Header,Yellow,4.2,36
377817,Polo-Shirt,Frontpage_Header,White,4.0,34
470417,Polo-Shirt,Catalog,Multi-Color,2.8,22
407996,Tunic,Display_Ad_Campaign,Black,2.9,23
227353,Blouse,Catalog,Yellow,3.6,30
386097,Hoodie,Catalog,Brown,4.3,37
287066,Polo-Shirt,Category_Highlight,Pink,2.4,18
974811,Polo-Shirt,Frontpage_Header,Green,2.9,23
552609,Sweatshirt,Frontpage_Header,Yellow,3.5,29
362025,Tunic,Frontpage_Header,White,3.2,71
693272,T-Shirt,Category_Highlight,Multi-Color,3.6,30
182695,T-Shirt,Category_Highlight,Pink,4.3,37
131930,Polo-Shirt,Category_Highlight,Multi-Color,2.2,16
321263,Hoodie,Catalog,Red,2.8,22
807491,Polo-Shirt,Catalog,Blue,4.8,42
224047,Sweatshirt,Frontpage_Header,Blue,3.3,27
582507,T-Shirt,Frontpage_Header,Multi-Color,4.4,38
413228,Tunic,Category_Highlight,Multi-Color,3.4,28
975746,Blouse,Category_Highlight,Blue,2.2,16
647659,T-Shirt,Frontpage_Header,Red,2.3,17
117726,Polo-Shirt,Frontpage_Header,Blue,3.2,26
978982,Tunic,Category_Highlight,Multi-Color,4.0,34
851233,Sweatshirt,Display_Ad_Campaign,Blue,3.0,24
713723,Polo-Shirt,Catalog,Pink,3.7,31
354402,Blouse,Frontpage_Header,Multi-Color,1.6,10
126530,T-Shirt,Frontpage_Header,Yellow,4.7,41
753756,Polo-Shirt,Catalog,Yellow,3.9,33
712401,Hoodie,Catalog,Multi-Color,2.3,17
951367,Sweatshirt,Catalog,Multi-Color,1.9,13
939119,Polo-Shirt,Catalog,Green,3.6,30
135197,Tunic,Catalog,Green,2.6,20
384254,T-Shirt,Display_Ad_Campaign,White,4.7,41
705330,Sweatshirt,Display_Ad_Campaign,Black,5.0,44
238462,Tunic,Frontpage_Header,Blue,3.2,26
916861,T-Shirt,Category_Highlight,Black,3.0,24
347527,Sweatshirt,Display_Ad_Campaign,Orange,3.4,28
909377,Sweatshirt,Catalog,Green,3.5,29
922558,Hoodie,Catalog,Orange,3.2,26
967421,Sweatshirt,Catalog,Orange,4.0,34
371483,Tunic,Category_Highlight,Brown,3.6,30
567147,Blouse,Frontpage_Header,Blue,3.9,33
122055,Blouse,Frontpage_Header,Black,4.7,41
753320,Sweatshirt,Frontpage_Header,White,2.9,23
571546,Tunic,Frontpage_Header,Brown,4.0,34
413247,Blouse,Category_Highlight,Orange,4.4,38
851785,Tunic,Frontpage_Header,Multi-Color,2.9,23
144950,T-Shirt,Catalog,Black,4.2,36
824591,Sweatshirt,Catalog,Black,4.4,38
328383,T-Shirt,Catalog,Black,3.0,24
703078,Blouse,Frontpage_Header,Multi-Color,4.4,38
515252,Sweatshirt,Frontpage_Header,Black,3.0,24
725341,T-Shirt,Category_Highlight,Yellow,3.8,32
774909,Tunic,Category_Highlight,Brown,4.1,35
236404,T-Shirt,Catalog,Black,4.2,36
551314,Hoodie,Catalog,Multi-Color,2.0,14
220749,Sweatshirt,Frontpage_Header,Pink,3.5,29
216415,Sweatshirt,Category_Highlight,Red,1.8,12
314673,Polo-Shirt,Category_Highlight,Black,5.4,48
492258,Hoodie,Catalog,Green,3.2,26
960154,Sweatshirt,Category_Highlight,Red,1.7,11
286178,Sweatshirt,Catalog,Black,4.8,42
274230,Hoodie,Catalog,Green,4.0,34
341736,Blouse,Display_Ad_Campaign,Brown,4.7,41
407849,T-Shirt,Category_Highlight,Green,4.9,43
702278,Polo-Shirt,Catalog,Orange,2.9,23
439347,Sweatshirt,Catalog,Orange,4.5,39
838953,Sweatshirt,Category_Highlight,Multi-Color,0.9,3
968548,Polo-Shirt,Catalog,Yellow,4.2,36
583978,Tunic,Display_Ad_Campaign,Multi-Color,4.2,36
904409,Polo-Shirt,Category_Highlight,Blue,2.2,16
172144,Sweatshirt,Display_Ad_Campaign,White,3.9,33
682389,Tunic,Catalog,Black,2.9,23
479567,Blouse,Category_Highlight,Green,4.7,41
537409,Hoodie,Catalog,Orange,3.1,25
223282,Tunic,Category_Highlight,Yellow,2.4,18
673745,Polo-Shirt,Frontpage_Header,Pink,2.8,22
342727,Tunic,Frontpage_Header,Brown,3.7,31
659604,Sweatshirt,Display_Ad_Campaign,White,3.6,30
752908,T-Shirt,Frontpage_Header,Red,2.7,21
602991,T-Shirt,Category_Highlight,Yellow,4.7,41
420092,Sweatshirt,Catalog,Pink,4.5,39
926266,T-Shirt,Category_Highlight,Multi-Color,3.2,26
255815,Tunic,Display_Ad_Campaign,Black,2.8,22
684429,Blouse,Category_Highlight,Pink,3.6,30
497281,T-Shirt,Catalog,Red,4.3,37
107792,Polo-Shirt,Catalog,Pink,3.4,28
453982,Tunic,Display_Ad_Campaign,Red,4.2,36
649342,Tunic,Frontpage_Header,Blue,3.0,24
302661,Tunic,Catalog,Multi-Color,2.6,20
303796,T-Shirt,Category_Highlight,Black,3.6,30
813013,T-Shirt,Category_Highlight,Yellow,3.4,28
280446,Tunic,Frontpage_Header,Yellow,2.4,18
653519,Polo-Shirt,Category_Highlight,Multi-Color,3.1,25
368455,Polo-Shirt,Category_Highlight,White,4.7,41
420069,Polo-Shirt,Catalog,Yellow,3.3,27
731819,T-Shirt,Category_Highlight,Yellow,3.1,25
667395,Hoodie,Category_Highlight,White,4.3,37
731806,Tunic,Display_Ad_Campaign,Multi-Color,4.4,38
905142,Polo-Shirt,Catalog,Yellow,2.8,22
827455,Sweatshirt,Frontpage_Header,Blue,3.2,26
322843,Polo-Shirt,Category_Highlight,Red,3.2,26
751306,T-Shirt,Frontpage_Header,Multi-Color,4.1,35
554297,Hoodie,Display_Ad_Campaign,Yellow,3.4,28
634433,T-Shirt,Frontpage_Header,Yellow,4.8,42
942976,Sweatshirt,Category_Highlight,Orange,4.5,39
506769,Sweatshirt,Catalog,Multi-Color,2.8,22
333010,Sweatshirt,Display_Ad_Campaign,Orange,4.6,40
409249,T-Shirt,Category_Highlight,Yellow,4.1,35
362031,Blouse,Category_Highlight,Black,4.5,39
167937,Polo-Shirt,Catalog,Yellow,3.6,30
161866,Sweatshirt,Category_Highlight,Blue,2.7,21
761566,Polo-Shirt,Catalog,Yellow,3.8,32
700086,Tunic,Display_Ad_Campaign,Multi-Color,4.3,37
244609,Sweatshirt,Catalog,Orange,3.3,27
118498,Sweatshirt,Frontpage_Header,Green,2.9,23
122595,T-Shirt,Frontpage_Header,Blue,4.8,42
655509,Hoodie,Catalog,Red,1.6,10
950182,Tunic,Display_Ad_Campaign,Black,2.3,17
768622,T-Shirt,Frontpage_Header,Multi-Color,4.4,38
843949,Hoodie,Category_Highlight,Orange,2.7,21
622323,Blouse,Frontpage_Header,Blue,3.4,28
305459,Tunic,Display_Ad_Campaign,Multi-Color,4.5,39
746340,Blouse,Catalog,Multi-Color,1.5,9
934819,T-Shirt,Display_Ad_Campaign,Black,4.2,36
291969,Blouse,Frontpage_Header,Orange,4.8,42
561098,Tunic,Category_Highlight,Brown,4.0,34
984291,Hoodie,Catalog,Green,3.5,29
740316,Hoodie,Catalog,Brown,4.5,39
439197,T-Shirt,Category_Highlight,Yellow,5.0,44
266503,Hoodie,Catalog,Black,4.6,40
870143,T-Shirt,Catalog,Black,3.0,24
975319,T-Shirt,Category_Highlight,Blue,2.6,20
111288,Polo-Shirt,Catalog,Multi-Color,3.1,25
893926,Tunic,Frontpage_Header,Black,3.2,26
760217,Sweatshirt,Catalog,Pink,4.1,35
180979,Tunic,Category_Highlight,Blue,4.0,34
887167,Blouse,Frontpage_Header,Blue,2.5,19
597240,Polo-Shirt,Catalog,Blue,2.4,18
714631,T-Shirt,Display_Ad_Campaign,Brown,5.0,44
142981,Blouse,Category_Highlight,Yellow,3.7,31
555607,Hoodie,Category_Highlight,Green,4.3,37
683666,Polo-Shirt,Frontpage_Header,Yellow,2.1,15
820291,Blouse,Frontpage_Header,Black,3.7,31
323097,Sweatshirt,Catalog,Multi-Color,2.3,17
785545,Hoodie,Catalog,Yellow,3.1,25
939638,Sweatshirt,Frontpage_Header,Blue,3.5,29
241966,Tunic,Category_Highlight,Multi-Color,3.3,27
208234,Blouse,Frontpage_Header,Red,4.8,42
532488,Polo-Shirt,Catalog,Brown,3.7,31
559061,Blouse,Frontpage_Header,Multi-Color,3.0,24
219147,T-Shirt,Frontpage_Header,Red,4.6,40
954339,T-Shirt,Display_Ad_Campaign,Black,3.8,32
195984,Sweatshirt,Category_Highlight,Green,3.3,27
955624,Tunic,Category_Highlight,Red,2.9,23
298425,T-Shirt,Catalog,Red,1.8,12
481777,Sweatshirt,Category_Highlight,White,2.8,22
910071,Blouse,Frontpage_Header,Multi-Color,2.9,23
878953,Hoodie,Category_Highlight,Orange,3.4,28
777663,Tunic,Category_Highlight,Blue,4.7,41
352465,T-Shirt,Category_Highlight,Green,4.6,40
547655,Tunic,Category_Highlight,Green,4.2,36
116555,Blouse,Frontpage_Header,Black,5.1,45
905559,Polo-Shirt,Category_Highlight,Orange,2.2,16
109672,Hoodie,Category_Highlight,Green,3.3,27
901013,Blouse,Display_Ad_Campaign,White,3.8,32
334863,Hoodie,Category_Highlight,White,5.4,48
274532,Polo-Shirt,Frontpage_Header,Brown,2.9,23
260746,Sweatshirt,Display_Ad_Campaign,Multi-Color,2.3,17
956420,Sweatshirt,Display_Ad_Campaign,Orange,4.2,36
739073,T-Shirt,Catalog,Multi-Color,2.2,16
835202,Tunic,Catalog,Brown,2.3,17
540656,Polo-Shirt,Catalog,Blue,3.2,26
371561,Tunic,Display_Ad_Campaign,Green,2.4,18
430040,Sweatshirt,Catalog,Red,1.3,7
641024,Hoodie,Catalog,Orange,3.1,25
841656,Hoodie,Category_Highlight,White,4.2,36
124750,T-Shirt,Frontpage_Header,Yellow,4.1,35
760279,Polo-Shirt,Catalog,Blue,3.0,24
951889,Polo-Shirt,Catalog,Yellow,3.8,32
817587,Polo-Shirt,Category_Highlight,Yellow,2.4,18
514669,Tunic,Category_Highlight,Multi-Color,3.0,24
163039,Hoodie,Catalog,Green,3.4,28
767703,Tunic,Frontpage_Header,Multi-Color,2.5,19
142366,Sweatshirt,Display_Ad_Campaign,Orange,5.4,48
472510,Tunic,Category_Highlight,Multi-Color,3.0,24
728530,Blouse,Display_Ad_Campaign,Blue,5.4,48
636374,Sweatshirt,Catalog,Orange,4.0,34
140442,Polo-Shirt,Catalog,Yellow,3.2,26
982487,Tunic,Category_Highlight,Yellow,2.5,19
752279,Blouse,Frontpage_Header,Yellow,5.0,44
883555,Sweatshirt,Frontpage_Header,Black,5.2,46
686031,Polo-Shirt,Frontpage_Header,Brown,3.1,25
779464,Sweatshirt,Catalog,Multi-Color,3.1,25
918041,Polo-Shirt,Category_Highlight,Brown,4.2,36
435394,Hoodie,Category_Highlight,Multi-Color,1.2,6
190097,Sweatshirt,Catalog,Black,4.9,43
316234,Polo-Shirt,Category_Highlight,Yellow,3.8,32
349749,Polo-Shirt,Category_Highlight,Blue,3.4,28
910786,Tunic,Display_Ad_Campaign,Black,3.3,27
392986,Polo-Shirt,Category_Highlight,Blue,3.5,29
659386,Polo-Shirt,Category_Highlight,Orange,2.2,16
265638,Hoodie,Frontpage_Header,Blue,3.8,32
130603,T-Shirt,Category_Highlight,Blue,4.1,35
338159,Hoodie,Category_Highlight,White,4.2,36
815232,Hoodie,Category_Highlight,Brown,3.6,30
965918,Hoodie,Display_Ad_Campaign,Orange,4.8,42
405944,Blouse,Frontpage_Header,Multi-Color,3.8,32
942356,Polo-Shirt,Catalog,Blue,1.3,7
173957,Polo-Shirt,Category_Highlight,Yellow,3.1,25
102591,Sweatshirt,Frontpage_Header,Green,3.4,28
269351,T-Shirt,Frontpage_Header,Multi-Color,3.3,27
131642,Tunic,Frontpage_Header,Pink,2.5,19
354481,Polo-Shirt,Frontpage_Header,Green,2.0,14
501740,Polo-Shirt,Frontpage_Header,Blue,3.7,31
100023,T-Shirt,Frontpage_Header,Green,4.7,41
439002,T-Shirt,Category_Highlight,Blue,3.3,27
172684,Hoodie,Catalog,Yellow,2.8,22
129270,Tunic,Category_Highlight,White,4.3,37
349234,Tunic,Display_Ad_Campaign,Multi-Color,3.1,25
527177,T-Shirt,Category_Highlight,Yellow,4.2,36
297185,Polo-Shirt,Catalog,Yellow,5.1,45
310201,T-Shirt,Category_Highlight,Black,3.8,32
204277,Hoodie,Frontpage_Header,Pink,4.2,36
106404,Tunic,Category_Highlight,Green,3.5,29
686054,Sweatshirt,Display_Ad_Campaign,Red,4.7,41
483885,T-Shirt,Frontpage_Header,Yellow,4.3,37
707244,Hoodie,Category_Highlight,Green,4.0,34
407916,Blouse,Catalog,Green,4.1,35
326838,Polo-Shirt,Catalog,Black,2.6,20
169361,Blouse,Frontpage_Header,Red,4.5,39
109754,Blouse,Frontpage_Header,Black,5.5,49
208687,T-Shirt,Catalog,Black,3.4,28
705846,Tunic,Catalog,Yellow,2.6,20
715758,T-Shirt,Display_Ad_Campaign,Black,4.1,35
279789,T-Shirt,Category_Highlight,Brown,5.5,49
177852,Tunic,Display_Ad_Campaign,Multi-Color,4.4,38
328001,Polo-Shirt,Display_Ad_Campaign,Multi-Color,4.1,35
662837,Polo-Shirt,Catalog,Multi-Color,3.3,27
707990,Sweatshirt,Category_Highlight,Blue,3.4,28
396336,Polo-Shirt,Category_Highlight,Pink,2.3,17
427150,T-Shirt,Catalog,Blue,2.8,22
501730,Tunic,Category_Highlight,Yellow,3.2,26
147440,Polo-Shirt,Category_Highlight,Black,3.6,30
466666,T-Shirt,Catalog,Multi-Color,1.1,5
169297,Sweatshirt,Display_Ad_Campaign,Black,3.6,30
488888,T-Shirt,Catalog,Multi-Color,1.2,6
969651,Sweatshirt,Catalog,Orange,4.1,35
788885,T-Shirt,Frontpage_Header,Yellow,3.6,30
164399,T-Shirt,Catalog,Multi-Color,1.8,12
644702,T-Shirt,Display_Ad_Campaign,Red,4.4,38
125764,Sweatshirt,Display_Ad_Campaign,Orange,4.3,37
905422,Tunic,Category_Highlight,Multi-Color,3.5,29
688951,Blouse,Display_Ad_Campaign,Blue,4.8,42
560237,Polo-Shirt,Catalog,Pink,3.1,25
247188,Sweatshirt,Frontpage_Header,Green,3.4,28
512115,Tunic,Category_Highlight,Green,3.8,32
472245,Hoodie,Category_Highlight,White,4.5,39
789744,Polo-Shirt,Frontpage_Header,Blue,3.4,28
954538,T-Shirt,Display_Ad_Campaign,Black,3.9,33
557599,T-Shirt,Category_Highlight,Green,5.0,44
868180,Hoodie,Catalog,Yellow,3.1,25
981698,Sweatshirt,Catalog,Multi-Color,2.2,16
556293,T-Shirt,Frontpage_Header,Green,3.4,28
779583,Sweatshirt,Display_Ad_Campaign,Green,5.4,48
442101,Blouse,Catalog,Red,2.2,16
927045,Sweatshirt,Frontpage_Header,Red,3.8,32
704896,Sweatshirt,Catalog,Multi-Color,1.2,6
101862,T-Shirt,Frontpage_Header,Multi-Color,4.9,43
160346,Sweatshirt,Display_Ad_Campaign,Orange,4.2,36
455264,Polo-Shirt,Category_Highlight,Blue,4.2,36
588579,Polo-Shirt,Catalog,Pink,3.0,24
359288,Blouse,Category_Highlight,Blue,2.8,22
924971,Blouse,Catalog,Pink,3.8,32
940081,Tunic,Category_Highlight,Multi-Color,3.0,24
777464,Sweatshirt,Frontpage_Header,Blue,3.3,27
695831,Polo-Shirt,Frontpage_Header,Green,2.5,19
234836,T-Shirt,Frontpage_Header,Black,5.0,44
680138,Tunic,Category_Highlight,Red,3.5,29
610077,Polo-Shirt,Catalog,Yellow,5.1,45
820961,T-Shirt,Catalog,Multi-Color,1.1,5
922967,T-Shirt,Catalog,Blue,3.2,26
405946,Hoodie,Frontpage_Header,Yellow,2.0,14
811517,Sweatshirt,Frontpage_Header,Blue,2.2,16
794233,Tunic,Display_Ad_Campaign,Black,3.1,25
404201,T-Shirt,Catalog,Multi-Color,1.1,5
318420,Blouse,Frontpage_Header,Black,4.6,40
826172,Polo-Shirt,Category_Highlight,White,4.1,35
775535,Tunic,Display_Ad_Campaign,Green,2.8,22
822356,Tunic,Catalog,Multi-Color,2.5,19
729708,Polo-Shirt,Category_Highlight,Multi-Color,2.5,19
658639,Polo-Shirt,Frontpage_Header,Red,4.1,35
545734,T-Shirt,Category_Highlight,Multi-Color,3.9,33
892419,T-Shirt,Catalog,Green,3.9,33
828781,Blouse,Frontpage_Header,Multi-Color,3.7,31
202159,Blouse,Frontpage_Header,Black,4.8,42
374323,Sweatshirt,Catalog,Red,1.8,12
687111,Sweatshirt,Frontpage_Header,Blue,2.9,23
956621,T-Shirt,Display_Ad_Campaign,Black,3.9,33
370494,Hoodie,Catalog,Orange,2.3,17
853814,Sweatshirt,Category_Highlight,Multi-Color,2.2,16
806520,Hoodie,Category_Highlight,White,4.1,35
759870,T-Shirt,Display_Ad_Campaign,Black,3.7,31
506209,Sweatshirt,Display_Ad_Campaign,Multi-Color,1.9,13
955450,Hoodie,Category_Highlight,Red,1.3,7
959400,Polo-Shirt,Display_Ad_Campaign,Yellow,5.6,50
795866,Polo-Shirt,Display_Ad_Campaign,Black,2.2,16
790267,Tunic,Category_Highlight,Yellow,2.7,21
229438,Blouse,Display_Ad_Campaign,Brown,4.9,43
125678,Blouse,Category_Highlight,Blue,2.6,20
730931,Polo-Shirt,Category_Highlight,Red,3.7,31
275537,Polo-Shirt,Display_Ad_Campaign,Yellow,4.9,43
278365,Hoodie,Catalog,Orange,2.9,23
974349,T-Shirt,Category_Highlight,Multi-Color,3.4,28
631762,T-Shirt,Catalog,Yellow,4.1,35
849440,Sweatshirt,Display_Ad_Campaign,Blue,3.1,25
350634,Polo-Shirt,Catalog,Yellow,3.6,30
671308,Polo-Shirt,Display_Ad_Campaign,Blue,1.8,12
797395,Blouse,Display_Ad_Campaign,White,4.9,43
118685,Blouse,Frontpage_Header,Red,4.5,39
526844,Polo-Shirt,Catalog,Multi-Color,3.1,25
126453,T-Shirt,Category_Highlight,Yellow,4.3,37
820430,Hoodie,Catalog,Orange,3.8,32
291003,Sweatshirt,Catalog,Red,1.6,10
262442,Sweatshirt,Catalog,Red,1.2,6
154121,Hoodie,Catalog,Green,3.9,33
795481,T-Shirt,Display_Ad_Campaign,Red,4.6,40
279260,T-Shirt,Frontpage_Header,Black,4.3,37
202323,Polo-Shirt,Frontpage_Header,Pink,2.8,22
164356,T-Shirt,Display_Ad_Campaign,Black,3.5,29
925303,T-Shirt,Catalog,Yellow,3.9,33
543217,Sweatshirt,Frontpage_Header,Pink,3.6,30
289379,Hoodie,Catalog,Yellow,2.9,23
727625,Hoodie,Catalog,Orange,2.5,19
512550,Tunic,Frontpage_Header,Multi-Color,2.4,18
388583,Sweatshirt,Frontpage_Header,Red,1.8,12
749134,Polo-Shirt,Catalog,Blue,1.9,13
809302,Hoodie,Catalog,Yellow,2.5,19
565179,T-Shirt,Category_Highlight,Yellow,3.8,32
461251,T-Shirt,Catalog,Black,3.9,33
824124,Sweatshirt,Catalog,Orange,4.2,36
372146,Sweatshirt,Catalog,Multi-Color,2.6,20
588144,Tunic,Frontpage_Header,Multi-Color,3.1,25
449775,Hoodie,Category_Highlight,Blue,2.4,18
897269,Sweatshirt,Catalog,Pink,3.7,31
388781,Tunic,Frontpage_Header,Multi-Color,2.8,22
461805,Sweatshirt,Catalog,Multi-Color,2.9,23
598663,Tunic,Category_Highlight,Blue,4.6,40
643182,Hoodie,Catalog,Green,3.9,33
430479,T-Shirt,Catalog,Yellow,4.5,39
551741,Tunic,Category_Highlight,Multi-Color,3.1,25
540320,Polo-Shirt,Category_Highlight,Green,2.8,22
697963,Hoodie,Category_Highlight,Multi-Color,3.5,29
878528,Blouse,Display_Ad_Campaign,Blue,5.0,44
720364,T-Shirt,Frontpage_Header,Blue,3.0,24
669211,Sweatshirt,Category_Highlight,Red,1.5,9
652911,T-Shirt,Frontpage_Header,Yellow,4.4,38
489615,Tunic,Category_Highlight,Brown,3.7,31
356019,Blouse,Frontpage_Header,Red,4.3,37
508487,T-Shirt,Catalog,Black,3.8,32
407571,T-Shirt,Display_Ad_Campaign,Orange,4.8,42
168757,Tunic,Display_Ad_Campaign,Blue,1.8,12
446127,Sweatshirt,Catalog,Orange,4.5,39
958825,T-Shirt,Catalog,Multi-Color,2.0,14
607032,Blouse,Category_Highlight,Black,3.3,27
309827,Tunic,Catalog,Brown,4.7,41
961094,Polo-Shirt,Category_Highlight,White,3.6,30
502714,Sweatshirt,Catalog,Multi-Color,1.7,11
232125,Blouse,Frontpage_Header,Blue,3.6,30
231179,Polo-Shirt,Frontpage_Header,White,4.2,36
259052,Sweatshirt,Category_Highlight,Red,1.0,4
670736,Sweatshirt,Display_Ad_Campaign,Blue,3.5,29
816541,Hoodie,Catalog,Green,3.6,30
349572,T-Shirt,Catalog,Red,0.8,2
603014,Polo-Shirt,Catalog,Brown,3.4,28
102888,Sweatshirt,Display_Ad_Campaign,White,2.9,23
195233,Sweatshirt,Display_Ad_Campaign,Orange,4.2,36
167148,Polo-Shirt,Catalog,Blue,2.4,18
348211,Sweatshirt,Display_Ad_Campaign,White,4.6,40
713763,Sweatshirt,Display_Ad_Campaign,Red,1.8,12
571627,T-Shirt,Catalog,Black,2.8,22
900507,Tunic,Category_Highlight,Yellow,2.5,19
262176,T-Shirt,Category_Highlight,Green,4.2,36
147597,Tunic,Display_Ad_Campaign,Blue,3.0,24
943072,Blouse,Catalog,Red,2.6,20
956174,Blouse,Catalog,Yellow,3.4,28
650114,Tunic,Category_Highlight,Brown,4.4,38
420441,Hoodie,Category_Highlight,White,4.5,39
899741,Tunic,Category_Highlight,Multi-Color,2.0,14
163217,T-Shirt,Category_Highlight,Yellow,3.8,32
254925,Blouse,Frontpage_Header,Multi-Color,4.4,38
263643,Blouse,Catalog,Yellow,4.7,41
359915,T-Shirt,Category_Highlight,Multi-Color,3.7,31
515715,T-Shirt,Category_Highlight,Red,3.5,29
958723,Polo-Shirt,Catalog,Blue,1.6,10
377039,Hoodie,Catalog,Orange,2.9,23
351509,Hoodie,Catalog,Orange,2.9,23
783171,Blouse,Frontpage_Header,Black,5.5,49
589986,Sweatshirt,Catalog,Red,1.7,11
483604,Sweatshirt,Catalog,Blue,5.2,46
267985,Polo-Shirt,Frontpage_Header,Pink,2.4,18
460740,Blouse,Frontpage_Header,Red,3.8,32
121486,Polo-Shirt,Catalog,Blue,2.1,15
517401,Blouse,Display_Ad_Campaign,Brown,5.5,49
472838,Hoodie,Category_Highlight,Orange,2.7,21
972316,Hoodie,Category_Highlight,Pink,3.4,28
789992,T-Shirt,Frontpage_Header,Multi-Color,4.7,41
269806,Tunic,Category_Highlight,Yellow,2.5,19
102301,Polo-Shirt,Category_Highlight,White,4.4,38
702085,Hoodie,Catalog,White,5.0,44
498440,Blouse,Catalog,Black,2.1,15
347316,Hoodie,Display_Ad_Campaign,Yellow,3.8,32
479332,Polo-Shirt,Category_Highlight,Brown,3.9,33
888144,T-Shirt,Display_Ad_Campaign,Black,4.2,36
233065,Sweatshirt,Frontpage_Header,Green,3.3,27
126756,Tunic,Frontpage_Header,Black,3.2,26
158805,Polo-Shirt,Display_Ad_Campaign,Yellow,5.1,45
376303,T-Shirt,Catalog,Orange,1.6,10
369021,Sweatshirt,Display_Ad_Campaign,Blue,3.2,26
634815,Tunic,Frontpage_Header,Blue,3.3,27
424501,Hoodie,Category_Highlight,Black,3.6,30
276642,Polo-Shirt,Catalog,Green,2.3,17
308842,Blouse,Display_Ad_Campaign,Brown,4.8,42
639569,T-Shirt,Category_Highlight,Multi-Color,3.3,27
436686,T-Shirt,Category_Highlight,Multi-Color,3.4,28
178616,T-Shirt,Frontpage_Header,Yellow,5.3,47
208500,Tunic,Display_Ad_Campaign,Black,2.5,19
527901,Blouse,Frontpage_Header,Black,4.8,42
960761,Blouse,Display_Ad_Campaign,White,5.1,45
926116,Polo-Shirt,Category_Highlight,Blue,4.3,37
331170,Blouse,Frontpage_Header,Multi-Color,2.9,23
736568,T-Shirt,Category_Highlight,Brown,4.3,37
109191,Polo-Shirt,Category_Highlight,Yellow,3.6,30
864121,T-Shirt,Frontpage_Header,Multi-Color,4.4,38
283948,Hoodie,Category_Highlight,Brown,4.5,39
807364,Sweatshirt,Catalog,Pink,4.3,37
576664,Tunic,Category_Highlight,Brown,4.1,35
837034,T-Shirt,Catalog,Multi-Color,1.6,10
564456,Tunic,Category_Highlight,Blue,3.3,27
178587,Sweatshirt,Display_Ad_Campaign,Black,5.0,44
212320,T-Shirt,Category_Highlight,Pink,3.8,32
810966,T-Shirt,Catalog,Red,1.2,6
591127,Polo-Shirt,Catalog,White,2.2,16
150446,T-Shirt,Category_Highlight,Yellow,4.0,34
706703,Sweatshirt,Catalog,Orange,4.8,42
126460,T-Shirt,Catalog,Multi-Color,1.7,11
770479,Sweatshirt,Frontpage_Header,Green,2.3,17
603383,Tunic,Frontpage_Header,White,3.3,27
355812,Polo-Shirt,Category_Highlight,Blue,3.8,32
809416,Polo-Shirt,Category_Highlight,Multi-Color,3.0,24
382675,Tunic,Display_Ad_Campaign,Black,3.0,24
421705,Hoodie,Category_Highlight,Multi-Color,2.4,18
891095,Sweatshirt,Frontpage_Header,Pink,3.5,29
549869,Blouse,Catalog,Pink,4.3,37
368488,T-Shirt,Category_Highlight,Multi-Color,3.2,26
511387,Polo-Shirt,Display_Ad_Campaign,Yellow,5.2,46
179359,Sweatshirt,Display_Ad_Campaign,Multi-Color,3.1,25
706280,Blouse,Catalog,Black,4.8,42
726483,Blouse,Frontpage_Header,White,3.0,24
567157,Hoodie,Display_Ad_Campaign,Green,3.7,31
696497,Sweatshirt,Catalog,Black,4.6,40
500944,Sweatshirt,Frontpage_Header,Pink,2.9,23
746179,Tunic,Display_Ad_Campaign,Multi-Color,3.9,33
761926,T-Shirt,Category_Highlight,Green,4.8,42
564617,Blouse,Catalog,Yellow,4.0,34
666165,Sweatshirt,Display_Ad_Campaign,Pink,4.9,43
552817,Polo-Shirt,Catalog,Pink,3.2,26
811861,T-Shirt,Display_Ad_Campaign,Black,3.4,28
630622,Blouse,Display_Ad_Campaign,Blue,5.2,46
378637,T-Shirt,Display_Ad_Campaign,Black,3.7,31
889389,T-Shirt,Frontpage_Header,Blue,4.0,34
869712,Sweatshirt,Frontpage_Header,Pink,3.2,26
712332,Polo-Shirt,Catalog,Orange,3.6,30
970545,Polo-Shirt,Frontpage_Header,Brown,2.8,22
605766,Sweatshirt,Frontpage_Header,Red,4.4,38
972963,T-Shirt,Category_Highlight,Yellow,3.7,31
732929,T-Shirt,Catalog,Black,2.8,22
389890,Sweatshirt,Catalog,Orange,3.9,33
817726,Tunic,Display_Ad_Campaign,Black,2.5,19
959694,Polo-Shirt,Category_Highlight,Red,2.7,21
268194,Sweatshirt,Frontpage_Header,Yellow,3.5,29
597846,Sweatshirt,Display_Ad_Campaign,Orange,5.3,47
320568,Polo-Shirt,Category_Highlight,Blue,3.7,31
960079,Blouse,Frontpage_Header,Blue,3.7,31
921479,Hoodie,Catalog,Yellow,2.5,19
140039,Hoodie,Frontpage_Header,Green,4.2,36
324985,Sweatshirt,Catalog,Red,4.5,39
858909,Blouse,Display_Ad_Campaign,Yellow,2.8,22
206341,Polo-Shirt,Catalog,Pink,3.1,25
240528,Polo-Shirt,Display_Ad_Campaign,Yellow,3.1,25
305858,Tunic,Frontpage_Header,Blue,3.8,32
528841,T-Shirt,Frontpage_Header,Multi-Color,4.5,39
805707,Hoodie,Catalog,Pink,2.1,15
546901,T-Shirt,Frontpage_Header,Yellow,4.8,42
267230,T-Shirt,Category_Highlight,Green,5.0,44
860865,Polo-Shirt,Frontpage_Header,Yellow,2.9,23
896530,Hoodie,Category_Highlight,White,4.9,43
242926,Tunic,Category_Highlight,Multi-Color,3.2,26
497234,Sweatshirt,Frontpage_Header,Green,2.3,17
593477,Sweatshirt,Display_Ad_Campaign,White,3.2,71
673074,Sweatshirt,Catalog,Black,5.1,45
343705,Sweatshirt,Frontpage_Header,Green,3.6,30
149073,Tunic,Frontpage_Header,Brown,3.2,26
237726,Sweatshirt,Catalog,Black,5.6,50
423148,Blouse,Display_Ad_Campaign,Blue,5.6,50
658851,Hoodie,Category_Highlight,White,4.0,34
504547,Tunic,Frontpage_Header,Multi-Color,3.2,26
505490,Tunic,Category_Highlight,Brown,4.1,35
565863,T-Shirt,Display_Ad_Campaign,Black,3.4,28
263049,Sweatshirt,Display_Ad_Campaign,Red,2.1,15
804869,Tunic,Display_Ad_Campaign,Multi-Color,4.2,36
696906,Blouse,Frontpage_Header,Blue,3.4,28
418762,Polo-Shirt,Display_Ad_Campaign,Yellow,3.4,28
785036,Blouse,Category_Highlight,Red,0.9,3
187433,Blouse,Frontpage_Header,Black,5.3,47
141834,T-Shirt,Frontpage_Header,Black,4.4,38
757086,Sweatshirt,Catalog,Black,4.4,38
514145,Sweatshirt,Category_Highlight,Red,1.0,4
834188,Polo-Shirt,Category_Highlight,Blue,2.9,23
988915,T-Shirt,Catalog,Green,5.4,48
882222,Polo-Shirt,Display_Ad_Campaign,Green,4.9,43
641885,Hoodie,Category_Highlight,Brown,3.5,29
141533,Tunic,Frontpage_Header,Multi-Color,3.2,26
227396,Blouse,Catalog,Multi-Color,2.5,19
341833,Tunic,Category_Highlight,Multi-Color,3.2,26
878188,T-Shirt,Category_Highlight,Yellow,4.5,39
693962,Tunic,Frontpage_Header,Yellow,3.2,26
669001,Blouse,Display_Ad_Campaign,Brown,4.9,43
829405,Tunic,Display_Ad_Campaign,Multi-Color,4.4,38
636081,Sweatshirt,Catalog,Black,5.3,47
226926,Tunic,Display_Ad_Campaign,Black,2.5,19
263827,Polo-Shirt,Frontpage_Header,Green,3.1,25
816812,Hoodie,Category_Highlight,Blue,3.5,29
249760,Hoodie,Catalog,Pink,4.7,41
731758,Polo-Shirt,Frontpage_Header,Blue,3.8,32
841817,T-Shirt,Category_Highlight,Green,4.9,43
625405,Tunic,Category_Highlight,Orange,2.9,23
813064,T-Shirt,Display_Ad_Campaign,Black,3.3,27
293015,Tunic,Frontpage_Header,Blue,3.5,29
432211,Hoodie,Catalog,Black,5.1,45
169377,Tunic,Catalog,Multi-Color,3.4,28
459538,Hoodie,Catalog,Red,3.5,29
574813,Polo-Shirt,Category_Highlight,Orange,2.3,17
543161,Sweatshirt,Display_Ad_Campaign,Orange,4.1,35
276660,Polo-Shirt,Catalog,Multi-Color,4.0,34
268934,T-Shirt,Category_Highlight,Green,5.1,45
239795,Sweatshirt,Category_Highlight,Red,2.0,14
171787,Sweatshirt,Category_Highlight,Red,1.5,9
467257,Tunic,Frontpage_Header,Red,3.8,32
935644,T-Shirt,Catalog,Red,4.4,38
398066,Polo-Shirt,Catalog,Yellow,4.5,39
219822,Polo-Shirt,Catalog,Orange,2.7,21
288881,T-Shirt,Category_Highlight,Black,3.3,27
749860,T-Shirt,Catalog,Red,4.1,35
970078,Hoodie,Catalog,Green,3.4,28
750995,Polo-Shirt,Category_Highlight,Blue,2.1,15
693467,T-Shirt,Display_Ad_Campaign,Black,3.8,32
941674,Tunic,Frontpage_Header,Multi-Color,2.8,22
554567,Tunic,Category_Highlight,Yellow,2.8,22
872513,Blouse,Category_Highlight,Yellow,4.7,41
321380,Blouse,Catalog,Red,4.1,35
611889,T-Shirt,Frontpage_Header,Multi-Color,4.2,36
199415,Sweatshirt,Frontpage_Header,Black,3.3,27
397272,Blouse,Category_Highlight,Blue,2.9,23
900893,T-Shirt,Category_Highlight,Multi-Color,3.7,31
496867,Sweatshirt,Catalog,Multi-Color,2.0,14
292834,Polo-Shirt,Category_Highlight,Orange,1.6,10
296508,Polo-Shirt,Category_Highlight,Orange,2.7,21
836655,Blouse,Frontpage_Header,Blue,2.6,20
411428,Polo-Shirt,Category_Highlight,Brown,3.8,32
932389,Blouse,Category_Highlight,Multi-Color,1.9,13
640134,Polo-Shirt,Catalog,White,2.1,15
905451,T-Shirt,Frontpage_Header,Yellow,4.3,37
172206,Hoodie,Catalog,Orange,2.3,17
641516,Tunic,Frontpage_Header,White,1.7,11
409637,Tunic,Catalog,Green,3.2,26
274539,T-Shirt,Category_Highlight,Multi-Color,1.6,10
643055,T-Shirt,Category_Highlight,Yellow,3.5,29
868521,T-Shirt,Category_Highlight,Green,5.6,50
413988,Blouse,Display_Ad_Campaign,Blue,5.4,48
150322,Tunic,Frontpage_Header,Multi-Color,3.0,24
415864,T-Shirt,Frontpage_Header,Yellow,4.4,38
124144,Polo-Shirt,Catalog,Pink,3.4,28
489808,Sweatshirt,Catalog,Red,2.3,17
654097,T-Shirt,Catalog,Black,3.4,28
168681,Hoodie,Catalog,Blue,1.9,13
248588,Tunic,Category_Highlight,Red,3.5,29
252425,Sweatshirt,Frontpage_Header,Green,2.6,20
877006,T-Shirt,Catalog,Black,4.0,34
218918,Tunic,Frontpage_Header,Multi-Color,3.6,30
555864,Blouse,Frontpage_Header,Blue,4.1,35
411725,Tunic,Category_Highlight,Brown,3.8,32
609216,Polo-Shirt,Category_Highlight,Blue,3.6,30
254127,Tunic,Display_Ad_Campaign,Black,2.6,20
689797,Blouse,Display_Ad_Campaign,Brown,4.7,41
647071,Blouse,Frontpage_Header,Black,3.3,27
125705,Hoodie,Category_Highlight,Yellow,2.8,22
547406,T-Shirt,Catalog,Blue,3.3,27
644815,Blouse,Frontpage_Header,Multi-Color,2.8,22
794627,Tunic,Frontpage_Header,Black,3.0,24
338800,T-Shirt,Catalog,Blue,3.1,25
173433,Tunic,Category_Highlight,Green,3.6,30
762971,Blouse,Category_Highlight,Multi-Color,3.3,27
855218,Blouse,Frontpage_Header,Black,5.2,46
688956,Polo-Shirt,Category_Highlight,Multi-Color,3.2,26
764713,Hoodie,Catalog,Yellow,3.3,27
606544,T-Shirt,Display_Ad_Campaign,Black,3.7,31
145790,Polo-Shirt,Display_Ad_Campaign,Yellow,3.8,32
818120,Polo-Shirt,Category_Highlight,Orange,2.9,23
247162,Sweatshirt,Frontpage_Header,Green,3.3,27
200561,Polo-Shirt,Display_Ad_Campaign,Yellow,4.5,39
199814,Tunic,Category_Highlight,Red,3.6,30
617108,Sweatshirt,Catalog,Multi-Color,2.7,21
716084,T-Shirt,Frontpage_Header,Yellow,4.1,35
348638,Polo-Shirt,Category_Highlight,Multi-Color,3.4,28
942795,Polo-Shirt,Category_Highlight,Yellow,3.8,32
849776,Polo-Shirt,Catalog,Multi-Color,3.2,26
125145,Hoodie,Category_Highlight,White,4.5,39
595518,Sweatshirt,Frontpage_Header,Black,4.6,40
343053,Tunic,Category_Highlight,Multi-Color,3.9,33
960942,Sweatshirt,Category_Highlight,Red,1.4,8
647506,Hoodie,Category_Highlight,Orange,2.7,21
965920,T-Shirt,Catalog,Black,3.6,30
877171,Polo-Shirt,Category_Highlight,Blue,3.4,28
752975,Hoodie,Catalog,Green,2.4,18
160211,Blouse,Display_Ad_Campaign,Green,4.8,42
872696,Hoodie,Catalog,Orange,3.3,27
678715,Hoodie,Category_Highlight,White,4.2,36
844022,Sweatshirt,Frontpage_Header,Pink,4.0,34
385692,Tunic,Frontpage_Header,Red,2.8,22
688653,Hoodie,Catalog,Yellow,3.0,24
493606,T-Shirt,Category_Highlight,Blue,2.8,22
478594,Hoodie,Display_Ad_Campaign,Green,4.0,34
594930,Sweatshirt,Frontpage_Header,Black,4.5,39
130809,Polo-Shirt,Category_Highlight,Orange,2.7,21
176310,Blouse,Display_Ad_Campaign,Blue,4.9,43
477751,Polo-Shirt,Catalog,Blue,1.7,11
342821,Hoodie,Catalog,Orange,3.0,24
428569,Polo-Shirt,Catalog,Multi-Color,3.8,32
665944,Tunic,Frontpage_Header,Red,2.5,19
367410,Polo-Shirt,Catalog,Yellow,3.3,27
946820,Tunic,Frontpage_Header,Blue,3.7,31
803789,Blouse,Category_Highlight,Blue,2.5,19
684067,Sweatshirt,Frontpage_Header,Black,4.8,42
343579,Sweatshirt,Display_Ad_Campaign,Orange,4.2,36
591105,Polo-Shirt,Catalog,Red,2.3,17
291933,Blouse,Frontpage_Header,Blue,2.3,17
923241,Polo-Shirt,Category_Highlight,Blue,3.5,29
509759,Hoodie,Category_Highlight,White,4.7,41
259920,Polo-Shirt,Category_Highlight,Blue,3.7,31
707527,Hoodie,Catalog,Yellow,2.6,20
517672,Sweatshirt,Catalog,Black,4.9,43
107669,Polo-Shirt,Display_Ad_Campaign,Multi-Color,4.4,38
413725,Hoodie,Category_Highlight,Pink,2.3,17
913462,T-Shirt,Category_Highlight,Green,4.0,34
303792,Blouse,Display_Ad_Campaign,Black,3.1,25
880358,Tunic,Category_Highlight,Multi-Color,3.2,26
482766,Polo-Shirt,Category_Highlight,Red,2.2,16
737003,T-Shirt,Catalog,Multi-Color,1.5,9
583920,Blouse,Display_Ad_Campaign,Blue,5.2,46
505043,Blouse,Catalog,Pink,3.3,27
826886,Hoodie,Catalog,Pink,3.6,30
223318,Blouse,Frontpage_Header,Multi-Color,4.8,42
532002,Hoodie,Catalog,Yellow,2.7,21
879918,Hoodie,Frontpage_Header,White,4.9,43
672300,Polo-Shirt,Catalog,Brown,2.8,22
468767,Tunic,Category_Highlight,Blue,5.0,44
413695,Blouse,Frontpage_Header,Blue,2.6,20
745851,Tunic,Category_Highlight,Multi-Color,4.0,34
540996,T-Shirt,Frontpage_Header,Multi-Color,4.9,43
867271,Sweatshirt,Display_Ad_Campaign,Orange,4.2,36
501887,Blouse,Frontpage_Header,Blue,4.4,38
884339,Tunic,Display_Ad_Campaign,Multi-Color,4.0,34
289649,Sweatshirt,Category_Highlight,Blue,2.8,22
507327,T-Shirt,Display_Ad_Campaign,Black,2.9,23
121001,Sweatshirt,Frontpage_Header,Multi-Color,3.0,24
740442,Sweatshirt,Category_Highlight,Blue,2.6,20
439473,Sweatshirt,Catalog,Multi-Color,2.1,15
195518,Tunic,Category_Highlight,Brown,3.8,32
875530,T-Shirt,Category_Highlight,Yellow,4.4,38
581858,Tunic,Category_Highlight,Multi-Color,3.9,33
845065,Tunic,Frontpage_Header,Multi-Color,3.5,29
553612,Hoodie,Frontpage_Header,Green,2.9,23
791086,T-Shirt,Category_Highlight,Green,4.5,39
345109,Hoodie,Catalog,Yellow,2.8,22
531016,Polo-Shirt,Frontpage_Header,Brown,2.0,14
779343,Polo-Shirt,Category_Highlight,Green,2.5,19
193798,Polo-Shirt,Display_Ad_Campaign,Yellow,5.6,50
481793,Polo-Shirt,Category_Highlight,Multi-Color,2.8,22
429925,Blouse,Category_Highlight,Blue,3.8,32
376794,T-Shirt,Category_Highlight,Green,5.0,44
470289,Tunic,Catalog,Green,2.6,20
271185,Polo-Shirt,Catalog,Orange,2.7,21
765041,Blouse,Frontpage_Header,Multi-Color,2.7,21
985525,T-Shirt,Category_Highlight,Multi-Color,1.5,9
